,s,x1,z1,y1,x2,z2,y2
0,0.0,0.5819421410560608,0.8432294726371765,1.0,-0.23431551456451416,2.2849512100219727,0.0
1,0.0,-0.23431551456451416,2.2849512100219727,0.0,0.541701078414917,3.9894614219665527,0.0
2,0.0,0.541701078414917,3.9894614219665527,0.0,0.6897701621055603,1.186431646347046,0.0
3,0.0,0.6897701621055603,1.186431646347046,0.0,-0.2912728190422058,0.17065034806728363,0.0
4,0.0,-0.2912728190422058,0.17065034806728363,0.0,0.6014355421066284,0.8244906067848206,0.0
5,0.0,0.6014355421066284,0.8244906067848206,0.0,-0.03823958337306976,1.6585924625396729,0.0
6,0.0,-0.03823958337306976,1.6585924625396729,0.0,-0.3749447464942932,0.7011364698410034,0.0
7,0.0,-0.3749447464942932,0.7011364698410034,0.0,1.340104341506958,-0.10045391321182251,1.0
8,0.0,1.340104341506958,-0.10045391321182251,1.0,1.8974933624267578,1.594616174697876,1.0
9,1.0,0.7498663663864136,1.9510009288787842,0.0,0.6123734712600708,1.7759895324707031,0.0
10,1.0,0.6123734712600708,1.7759895324707031,0.0,0.29552897810935974,2.0711848735809326,0.0
11,1.0,0.29552897810935974,2.0711848735809326,0.0,0.7559838891029358,-0.11455950140953064,1.0
12,1.0,0.7559838891029358,-0.11455950140953064,1.0,1.059415578842163,1.3642997741699219,1.0
13,1.0,1.059415578842163,1.3642997741699219,1.0,-0.16389667987823486,2.652596950531006,0.0
14,1.0,-0.16389667987823486,2.652596950531006,0.0,1.256962537765503,2.9973714351654053,0.0
15,1.0,1.256962537765503,2.9973714351654053,0.0,1.1032459735870361,2.227144479751587,0.0
16,1.0,1.1032459735870361,2.227144479751587,0.0,1.5095243453979492,-0.3343000113964081,1.0
17,1.0,1.5095243453979492,-0.3343000113964081,1.0,0.5412900447845459,1.3532311916351318,0.0
18,0.0,0.46214500069618225,0.43372559547424316,1.0,0.4747198820114136,2.93503475189209,0.0
19,0.0,0.4747198820114136,2.93503475189209,0.0,-0.6783848404884338,0.970565140247345,0.0
20,0.0,-0.6783848404884338,0.970565140247345,0.0,-1.5522656440734863,1.4289307594299316,0.0
21,0.0,-1.5522656440734863,1.4289307594299316,0.0,0.7658839821815491,2.193723678588867,0.0
22,0.0,0.7658839821815491,2.193723678588867,0.0,-1.900510549545288,1.4936268329620361,0.0
23,0.0,-1.900510549545288,1.4936268329620361,0.0,-0.10258457064628601,1.5152673721313477,0.0
24,0.0,-0.10258457064628601,1.5152673721313477,0.0,0.9934988617897034,1.5136656761169434,1.0
25,0.0,0.9934988617897034,1.5136656761169434,1.0,0.5813623070716858,2.7650082111358643,0.0
26,0.0,0.5813623070716858,2.7650082111358643,0.0,-0.8450443148612976,2.2991318702697754,0.0
27,1.0,-0.691179096698761,0.2858838140964508,0.0,0.3810993432998657,1.466280221939087,0.0
28,1.0,0.3810993432998657,1.466280221939087,0.0,1.2250726222991943,-1.3031954765319824,1.0
29,1.0,1.2250726222991943,-1.3031954765319824,1.0,-0.05548933148384094,3.13521409034729,0.0
30,1.0,-0.05548933148384094,3.13521409034729,0.0,0.29387813806533813,1.2415993213653564,0.0
31,1.0,0.29387813806533813,1.2415993213653564,0.0,-1.2010185718536377,0.10921019315719604,0.0
32,1.0,-1.2010185718536377,0.10921019315719604,0.0,2.277721881866455,0.746802806854248,1.0
33,1.0,2.277721881866455,0.746802806854248,1.0,1.583895206451416,1.2496819496154785,1.0
34,1.0,1.583895206451416,1.2496819496154785,1.0,-0.6625892519950867,0.24052652716636658,0.0
35,1.0,-0.6625892519950867,0.24052652716636658,0.0,2.198050022125244,0.5378376841545105,1.0
36,1.0,0.6809576749801636,1.7831108570098877,0.0,-0.5001031756401062,1.1196765899658203,0.0
37,1.0,-0.5001031756401062,1.1196765899658203,0.0,0.3310855031013489,1.205657958984375,0.0
38,1.0,0.3310855031013489,1.205657958984375,0.0,0.6551674008369446,-1.0537512302398682,1.0
39,1.0,0.6551674008369446,-1.0537512302398682,1.0,0.8509992361068726,1.9870643615722656,0.0
40,1.0,0.8509992361068726,1.9870643615722656,0.0,-0.087004154920578,3.405172348022461,0.0
41,1.0,-0.087004154920578,3.405172348022461,0.0,1.1767911911010742,3.009460210800171,0.0
42,1.0,1.1767911911010742,3.009460210800171,0.0,1.0574712753295898,2.0598387718200684,0.0
43,1.0,1.0574712753295898,2.0598387718200684,0.0,1.4329369068145752,-0.4334569573402405,1.0
44,1.0,1.4329369068145752,-0.4334569573402405,1.0,0.607854962348938,1.3948676586151123,0.0
45,1.0,1.7693837881088257,1.4085617065429688,1.0,-2.066787004470825,-0.23130232095718384,0.0
46,1.0,-2.066787004470825,-0.23130232095718384,0.0,-0.33599796891212463,0.9649991393089294,1.0
47,1.0,-0.33599796891212463,0.9649991393089294,1.0,0.9172400832176208,-2.1129889488220215,1.0
48,1.0,0.9172400832176208,-2.1129889488220215,1.0,-0.5500839352607727,1.0890769958496094,0.0
49,1.0,-0.5500839352607727,1.0890769958496094,0.0,0.35451197624206543,0.5458171367645264,0.0
50,1.0,0.35451197624206543,0.5458171367645264,0.0,1.755133867263794,1.161881685256958,1.0
51,1.0,1.755133867263794,1.161881685256958,1.0,-0.11206629872322083,2.4003512859344482,0.0
52,1.0,-0.11206629872322083,2.4003512859344482,0.0,0.8619733452796936,0.5964401364326477,1.0
53,1.0,0.8619733452796936,0.5964401364326477,1.0,0.43682268261909485,1.5515952110290527,0.0
54,1.0,1.694870114326477,0.4765625298023224,1.0,0.36307212710380554,1.8649616241455078,0.0
55,1.0,0.36307212710380554,1.8649616241455078,0.0,1.1089940071105957,0.7951459288597107,1.0
56,1.0,1.1089940071105957,0.7951459288597107,1.0,0.021922588348388672,2.1286239624023438,0.0
57,1.0,0.021922588348388672,2.1286239624023438,0.0,-0.16792461276054382,1.4723854064941406,0.0
58,1.0,-0.16792461276054382,1.4723854064941406,0.0,0.8511720299720764,0.5281875729560852,1.0
59,1.0,0.8511720299720764,0.5281875729560852,1.0,-0.6770763397216797,0.37595757842063904,0.0
60,1.0,-0.6770763397216797,0.37595757842063904,0.0,2.580507278442383,0.3605649471282959,1.0
61,1.0,2.580507278442383,0.3605649471282959,1.0,-0.22607362270355225,-0.33353546261787415,1.0
62,1.0,-0.22607362270355225,-0.33353546261787415,1.0,1.2610318660736084,3.1932218074798584,0.0
63,0.0,-0.6374359726905823,1.294114589691162,0.0,1.7659342288970947,-0.00171719491481781,1.0
64,0.0,1.7659342288970947,-0.00171719491481781,1.0,-0.20212015509605408,4.029373645782471,0.0
65,0.0,-0.20212015509605408,4.029373645782471,0.0,0.12673208117485046,0.46591055393218994,0.0
66,0.0,0.12673208117485046,0.46591055393218994,0.0,-0.5823280811309814,2.1773061752319336,0.0
67,0.0,-0.5823280811309814,2.1773061752319336,0.0,1.5646111965179443,0.8120085000991821,1.0
68,0.0,1.5646111965179443,0.8120085000991821,1.0,-0.978786289691925,0.2785388231277466,0.0
69,0.0,-0.978786289691925,0.2785388231277466,0.0,-1.1847362518310547,0.9887911081314087,0.0
70,0.0,-1.1847362518310547,0.9887911081314087,0.0,-1.327524185180664,1.086862564086914,0.0
71,0.0,-1.327524185180664,1.086862564086914,0.0,-0.18758362531661987,0.8742849826812744,0.0
72,1.0,2.2638800144195557,-0.08114944398403168,1.0,1.5470147132873535,1.7417447566986084,1.0
73,1.0,1.5470147132873535,1.7417447566986084,1.0,1.5402333736419678,1.9129574298858643,1.0
74,1.0,1.5402333736419678,1.9129574298858643,1.0,1.8139498233795166,1.5534749031066895,1.0
75,1.0,1.8139498233795166,1.5534749031066895,1.0,1.1392738819122314,-0.45122474431991577,1.0
76,1.0,1.1392738819122314,-0.45122474431991577,1.0,0.41160088777542114,0.8013155460357666,1.0
77,1.0,0.41160088777542114,0.8013155460357666,1.0,1.2378852367401123,-0.2553667426109314,1.0
78,1.0,1.2378852367401123,-0.2553667426109314,1.0,1.3474195003509521,1.1767990589141846,0.0
79,1.0,1.3474195003509521,1.1767990589141846,0.0,1.3869094848632812,0.25850632786750793,1.0
80,1.0,1.3869094848632812,0.25850632786750793,1.0,1.4837019443511963,0.548322319984436,1.0
81,1.0,0.48718351125717163,0.8085132837295532,1.0,-1.726527452468872,-1.1548264026641846,1.0
82,1.0,-1.726527452468872,-1.1548264026641846,1.0,-0.6096734404563904,-0.9648839831352234,1.0
83,1.0,-0.6096734404563904,-0.9648839831352234,1.0,0.28940898180007935,1.7987325191497803,0.0
84,1.0,0.28940898180007935,1.7987325191497803,0.0,-0.6968395113945007,1.7351160049438477,0.0
85,1.0,-0.6968395113945007,1.7351160049438477,0.0,-1.3760318756103516,-0.204340398311615,0.0
86,1.0,-1.3760318756103516,-0.204340398311615,0.0,-0.6432638764381409,0.0530177503824234,0.0
87,1.0,-0.6432638764381409,0.0530177503824234,0.0,-0.5517563223838806,-0.5159953832626343,1.0
88,1.0,-0.5517563223838806,-0.5159953832626343,1.0,-0.3982551693916321,0.5246127247810364,0.0
89,1.0,-0.3982551693916321,0.5246127247810364,0.0,-0.5830830931663513,0.468044638633728,0.0
90,0.0,-0.89273601770401,0.184482604265213,0.0,0.8352705836296082,1.1282918453216553,1.0
91,0.0,0.8352705836296082,1.1282918453216553,1.0,0.7167280912399292,0.058011382818222046,1.0
92,0.0,0.7167280912399292,0.058011382818222046,1.0,1.9776802062988281,1.8999671936035156,1.0
93,0.0,1.9776802062988281,1.8999671936035156,1.0,0.29412513971328735,0.19583448767662048,0.0
94,0.0,0.29412513971328735,0.19583448767662048,0.0,1.3446810245513916,0.661259114742279,1.0
95,0.0,1.3446810245513916,0.661259114742279,1.0,1.0544239282608032,1.109753131866455,1.0
96,0.0,1.0544239282608032,1.109753131866455,1.0,0.6943361163139343,1.7121262550354004,0.0
97,0.0,0.6943361163139343,1.7121262550354004,0.0,-0.4204177260398865,-0.2800544500350952,0.0
98,0.0,-0.4204177260398865,-0.2800544500350952,0.0,1.9537978172302246,1.1100153923034668,1.0
99,0.0,-1.1651498079299927,0.04061895236372948,0.0,0.6588572859764099,1.4984147548675537,0.0
100,0.0,0.6588572859764099,1.4984147548675537,0.0,-0.43205463886260986,1.190828800201416,0.0
101,0.0,-0.43205463886260986,1.190828800201416,0.0,0.21871867775917053,0.5473178625106812,1.0
102,0.0,0.21871867775917053,0.5473178625106812,1.0,1.0245864391326904,1.3117005825042725,1.0
103,0.0,1.0245864391326904,1.3117005825042725,1.0,1.4622104167938232,-0.8895246982574463,1.0
104,0.0,1.4622104167938232,-0.8895246982574463,1.0,0.0830012857913971,2.6990394592285156,0.0
105,0.0,0.0830012857913971,2.6990394592285156,0.0,-1.0999927520751953,0.5894573926925659,0.0
106,0.0,-1.0999927520751953,0.5894573926925659,0.0,1.0783090591430664,0.5298212766647339,1.0
107,0.0,1.0783090591430664,0.5298212766647339,1.0,1.5566694736480713,1.1165614128112793,1.0
108,1.0,-0.13883227109909058,2.332368850708008,0.0,1.9068353176116943,-0.34468406438827515,1.0
109,1.0,1.9068353176116943,-0.34468406438827515,1.0,-0.21176853775978088,1.6372992992401123,0.0
110,1.0,-0.21176853775978088,1.6372992992401123,0.0,1.9766979217529297,0.3670027256011963,1.0
111,1.0,1.9766979217529297,0.3670027256011963,1.0,0.17865827679634094,3.5174546241760254,0.0
112,1.0,0.17865827679634094,3.5174546241760254,0.0,1.1111187934875488,-0.7324575185775757,1.0
113,1.0,1.1111187934875488,-0.7324575185775757,1.0,1.3739631175994873,1.7753126621246338,1.0
114,1.0,1.3739631175994873,1.7753126621246338,1.0,0.19266986846923828,1.6861672401428223,0.0
115,1.0,0.19266986846923828,1.6861672401428223,0.0,1.5744471549987793,1.5768117904663086,0.0
116,1.0,1.5744471549987793,1.5768117904663086,0.0,1.6568512916564941,1.5246503353118896,1.0
117,1.0,-0.11249718070030212,0.4894467294216156,0.0,1.030306100845337,1.003321647644043,1.0
118,1.0,1.030306100845337,1.003321647644043,1.0,-0.738348662853241,-0.49797648191452026,1.0
119,1.0,-0.738348662853241,-0.49797648191452026,1.0,-1.0932562351226807,0.03809686005115509,0.0
120,1.0,-1.0932562351226807,0.03809686005115509,0.0,2.220853567123413,0.13797098398208618,1.0
121,1.0,2.220853567123413,0.13797098398208618,1.0,0.49441125988960266,0.7275534272193909,0.0
122,1.0,0.49441125988960266,0.7275534272193909,0.0,1.4893860816955566,0.9570320248603821,1.0
123,1.0,1.4893860816955566,0.9570320248603821,1.0,0.791052520275116,1.28279447555542,0.0
124,1.0,0.791052520275116,1.28279447555542,0.0,0.7520228028297424,1.0736172199249268,0.0
125,1.0,0.7520228028297424,1.0736172199249268,0.0,1.0420122146606445,2.455188512802124,0.0
126,0.0,1.5312800407409668,2.302053928375244,1.0,2.3943276405334473,-0.5712682604789734,1.0
127,0.0,2.3943276405334473,-0.5712682604789734,1.0,1.4139769077301025,1.2618138790130615,1.0
128,0.0,1.4139769077301025,1.2618138790130615,1.0,2.6625165939331055,-0.8281355500221252,1.0
129,0.0,2.6625165939331055,-0.8281355500221252,1.0,-0.009653374552726746,3.055650234222412,0.0
130,0.0,-0.009653374552726746,3.055650234222412,0.0,0.9751096367835999,-2.403136968612671,1.0
131,0.0,0.9751096367835999,-2.403136968612671,1.0,2.2733652591705322,1.3185133934020996,1.0
132,0.0,2.2733652591705322,1.3185133934020996,1.0,0.668335497379303,3.1120083332061768,0.0
133,0.0,0.668335497379303,3.1120083332061768,0.0,-0.770383894443512,-0.21519708633422852,0.0
134,0.0,-0.770383894443512,-0.21519708633422852,0.0,0.9009854197502136,0.01987844705581665,1.0
135,1.0,1.7775765657424927,0.5045957565307617,1.0,0.32172107696533203,1.8521981239318848,0.0
136,1.0,0.32172107696533203,1.8521981239318848,0.0,1.1276087760925293,0.7649751305580139,1.0
137,1.0,1.1276087760925293,0.7649751305580139,1.0,-0.07675954699516296,2.0467543601989746,0.0
138,1.0,-0.07675954699516296,2.0467543601989746,0.0,-0.12327796220779419,1.4681110382080078,0.0
139,1.0,-0.12327796220779419,1.4681110382080078,0.0,0.8035523295402527,0.4798753261566162,1.0
140,1.0,0.8035523295402527,0.4798753261566162,1.0,-0.7190817594528198,0.3670690655708313,0.0
141,1.0,-0.7190817594528198,0.3670690655708313,0.0,2.50443434715271,0.38537150621414185,1.0
142,1.0,2.50443434715271,0.38537150621414185,1.0,-0.1995754837989807,-0.313119113445282,0.0
143,1.0,-0.1995754837989807,-0.313119113445282,0.0,1.2316808700561523,3.226740598678589,0.0
144,0.0,-0.4857534170150757,0.6700108051300049,0.0,0.23162564635276794,2.9162421226501465,0.0
145,0.0,0.23162564635276794,2.9162421226501465,0.0,1.2069826126098633,3.608351707458496,0.0
146,0.0,1.2069826126098633,3.608351707458496,0.0,0.7872196435928345,0.40753307938575745,1.0
147,0.0,0.7872196435928345,0.40753307938575745,1.0,2.0272083282470703,0.8722614049911499,1.0
148,0.0,2.0272083282470703,0.8722614049911499,1.0,0.3888643980026245,2.66499662399292,1.0
149,0.0,0.3888643980026245,2.66499662399292,1.0,-0.7119285464286804,0.20907792448997498,0.0
150,0.0,-0.7119285464286804,0.20907792448997498,0.0,2.2297677993774414,0.5040667653083801,1.0
151,0.0,2.2297677993774414,0.5040667653083801,1.0,-0.516502320766449,0.9164888262748718,0.0
152,0.0,-0.516502320766449,0.9164888262748718,0.0,-0.527154803276062,0.17552179098129272,0.0
153,1.0,-1.0485529899597168,-0.9924318790435791,1.0,-0.5843636393547058,0.08173713833093643,0.0
154,1.0,-0.5843636393547058,0.08173713833093643,0.0,-1.532278299331665,0.0509781688451767,0.0
155,1.0,-1.532278299331665,0.0509781688451767,0.0,0.30889832973480225,2.751215696334839,0.0
156,1.0,0.30889832973480225,2.751215696334839,0.0,-0.8069254755973816,-0.6895919442176819,1.0
157,1.0,-0.8069254755973816,-0.6895919442176819,1.0,1.7950341701507568,1.3074915409088135,1.0
158,1.0,1.7950341701507568,1.3074915409088135,1.0,0.8959413170814514,-0.6100687980651855,1.0
159,1.0,0.8959413170814514,-0.6100687980651855,1.0,1.5030958652496338,2.8774967193603516,0.0
160,1.0,1.5030958652496338,2.8774967193603516,0.0,-0.07240724563598633,-0.013833224773406982,0.0
161,1.0,-0.07240724563598633,-0.013833224773406982,0.0,1.293316125869751,-0.061019569635391235,1.0
162,1.0,0.36663007736206055,0.7096150517463684,0.0,-0.7107215523719788,0.26314425468444824,0.0
163,1.0,-0.7107215523719788,0.26314425468444824,0.0,1.7753076553344727,0.7403857111930847,1.0
164,1.0,1.7753076553344727,0.7403857111930847,1.0,1.107780933380127,-1.320702314376831,1.0
165,1.0,1.107780933380127,-1.320702314376831,1.0,0.3484576344490051,3.8007216453552246,0.0
166,1.0,0.3484576344490051,3.8007216453552246,0.0,0.027622222900390625,1.0833041667938232,0.0
167,1.0,0.027622222900390625,1.0833041667938232,0.0,-1.0829887390136719,-0.6005092263221741,1.0
168,1.0,-1.0829887390136719,-0.6005092263221741,1.0,0.6538957953453064,-0.20632785558700562,1.0
169,1.0,0.6538957953453064,-0.20632785558700562,1.0,0.15909162163734436,1.868502140045166,0.0
170,1.0,0.15909162163734436,1.868502140045166,0.0,-0.8026085495948792,-0.023535460233688354,1.0
171,1.0,-1.4561097621917725,-0.9390019178390503,1.0,2.505279302597046,-0.7624673247337341,1.0
172,1.0,2.505279302597046,-0.7624673247337341,1.0,0.8458686470985413,0.7719718217849731,1.0
173,1.0,0.8458686470985413,0.7719718217849731,1.0,0.9052179455757141,1.7109932899475098,0.0
174,1.0,0.9052179455757141,1.7109932899475098,0.0,2.1097347736358643,0.5748666524887085,1.0
175,1.0,2.1097347736358643,0.5748666524887085,1.0,-1.28300142288208,-0.5780372023582458,0.0
176,1.0,-1.28300142288208,-0.5780372023582458,0.0,1.1933848857879639,0.25828102231025696,1.0
177,1.0,1.1933848857879639,0.25828102231025696,1.0,0.9549383521080017,1.2812261581420898,0.0
178,1.0,0.9549383521080017,1.2812261581420898,0.0,0.09895095229148865,2.261025905609131,0.0
179,1.0,0.09895095229148865,2.261025905609131,0.0,1.6590831279754639,-0.9350448250770569,1.0
180,1.0,1.289986252784729,0.8415741324424744,1.0,1.7481045722961426,-0.4284387230873108,1.0
181,1.0,1.7481045722961426,-0.4284387230873108,1.0,-0.002636834979057312,1.79616379737854,0.0
182,1.0,-0.002636834979057312,1.79616379737854,0.0,0.2618272602558136,0.849163293838501,0.0
183,1.0,0.2618272602558136,0.849163293838501,0.0,-0.5330416560173035,1.1131174564361572,0.0
184,1.0,-0.5330416560173035,1.1131174564361572,0.0,1.582792043685913,1.2090141773223877,1.0
185,1.0,1.582792043685913,1.2090141773223877,1.0,0.26435333490371704,3.1884377002716064,0.0
186,1.0,0.26435333490371704,3.1884377002716064,0.0,-0.14657333493232727,0.8610860705375671,0.0
187,1.0,-0.14657333493232727,0.8610860705375671,0.0,-2.2991998195648193,0.12697529792785645,0.0
188,1.0,-2.2991998195648193,0.12697529792785645,0.0,-1.8550536632537842,0.5916363000869751,0.0
189,0.0,0.08259645849466324,1.646765947341919,0.0,1.373434066772461,3.830101728439331,0.0
190,0.0,1.373434066772461,3.830101728439331,0.0,0.29778337478637695,1.1874618530273438,0.0
191,0.0,0.29778337478637695,1.1874618530273438,0.0,1.3943524360656738,0.3112255334854126,1.0
192,0.0,1.3943524360656738,0.3112255334854126,1.0,2.3038644790649414,0.7693578004837036,1.0
193,0.0,2.3038644790649414,0.7693578004837036,1.0,0.781086266040802,2.042395830154419,0.0
194,0.0,0.781086266040802,2.042395830154419,0.0,2.4815399646759033,-0.1879679262638092,1.0
195,0.0,2.4815399646759033,-0.1879679262638092,1.0,1.3439552783966064,1.6126718521118164,1.0
196,0.0,1.3439552783966064,1.6126718521118164,1.0,1.444115161895752,2.677903413772583,0.0
197,0.0,1.444115161895752,2.677903413772583,0.0,1.846841812133789,2.174675226211548,1.0
198,0.0,1.2499498128890991,1.1366673707962036,1.0,0.357557475566864,-0.2378322184085846,1.0
199,0.0,0.357557475566864,-0.2378322184085846,1.0,-0.9556236863136292,-0.3661101758480072,0.0
200,0.0,-0.9556236863136292,-0.3661101758480072,0.0,2.0405025482177734,-0.9854505658149719,1.0
201,0.0,2.0405025482177734,-0.9854505658149719,1.0,0.9060071706771851,1.3334097862243652,0.0
202,0.0,0.9060071706771851,1.3334097862243652,0.0,0.8172727227210999,-0.46927231550216675,1.0
203,0.0,0.8172727227210999,-0.46927231550216675,1.0,2.2735044956207275,0.8881316781044006,1.0
204,0.0,2.2735044956207275,0.8881316781044006,1.0,-1.20420503616333,-0.3303731381893158,0.0
205,0.0,-1.20420503616333,-0.3303731381893158,0.0,-2.349043369293213,0.8946607708930969,0.0
206,0.0,-2.349043369293213,0.8946607708930969,0.0,-1.5832035541534424,0.3796251118183136,0.0
207,0.0,0.3276219069957733,-0.24880512058734894,1.0,1.9494550228118896,1.451887607574463,1.0
208,0.0,1.9494550228118896,1.451887607574463,1.0,1.7156589031219482,1.1345202922821045,1.0
209,0.0,1.7156589031219482,1.1345202922821045,1.0,1.8610665798187256,1.1333932876586914,1.0
210,0.0,1.8610665798187256,1.1333932876586914,1.0,-0.623776376247406,1.039423942565918,0.0
211,0.0,-0.623776376247406,1.039423942565918,0.0,1.1859078407287598,0.6382274031639099,1.0
212,0.0,1.1859078407287598,0.6382274031639099,1.0,1.929530382156372,0.28799939155578613,1.0
213,0.0,1.929530382156372,0.28799939155578613,1.0,1.8286659717559814,-2.072042942047119,1.0
214,0.0,1.8286659717559814,-2.072042942047119,1.0,0.320252925157547,-0.6729055047035217,1.0
215,0.0,0.320252925157547,-0.6729055047035217,1.0,-0.010020613670349121,-1.4923090934753418,1.0
216,1.0,-0.47045543789863586,3.568140745162964,0.0,0.7751950621604919,1.065018892288208,1.0
217,1.0,0.7751950621604919,1.065018892288208,1.0,1.532254934310913,0.5167456865310669,1.0
218,1.0,1.532254934310913,0.5167456865310669,1.0,-1.2353622913360596,-0.676262378692627,1.0
219,1.0,-1.2353622913360596,-0.676262378692627,1.0,-0.44692546129226685,0.7955443263053894,0.0
220,1.0,-0.44692546129226685,0.7955443263053894,0.0,-0.6197393536567688,0.8852251172065735,0.0
221,1.0,-0.6197393536567688,0.8852251172065735,0.0,0.6085172295570374,-1.3345046043395996,1.0
222,1.0,0.6085172295570374,-1.3345046043395996,1.0,0.3807417154312134,0.4850420653820038,0.0
223,1.0,0.3807417154312134,0.4850420653820038,0.0,0.3392174243927002,0.5821287035942078,0.0
224,1.0,0.3392174243927002,0.5821287035942078,0.0,0.3347404897212982,0.5925183892250061,0.0
225,1.0,-0.4031769335269928,-0.373037725687027,1.0,-0.07607141137123108,2.795027256011963,0.0
226,1.0,-0.07607141137123108,2.795027256011963,0.0,0.53492271900177,1.8284258842468262,0.0
227,1.0,0.53492271900177,1.8284258842468262,0.0,-0.7038055658340454,-2.3035404682159424,1.0
228,1.0,-0.7038055658340454,-2.3035404682159424,1.0,-0.23885440826416016,1.2477524280548096,0.0
229,1.0,-0.23885440826416016,1.2477524280548096,0.0,-0.6495518088340759,-0.9545636773109436,1.0
230,1.0,-0.6495518088340759,-0.9545636773109436,1.0,1.186814308166504,0.5610379576683044,1.0
231,1.0,1.186814308166504,0.5610379576683044,1.0,1.6681954860687256,0.49946802854537964,1.0
232,1.0,1.6681954860687256,0.49946802854537964,1.0,0.03512882441282272,1.677042007446289,0.0
233,1.0,0.03512882441282272,1.677042007446289,0.0,0.7826353907585144,-0.35513025522232056,1.0
234,1.0,0.2513620853424072,2.191208839416504,0.0,1.5132379531860352,1.3117549419403076,1.0
235,1.0,1.5132379531860352,1.3117549419403076,1.0,-0.2922118306159973,0.9392284750938416,0.0
236,1.0,-0.2922118306159973,0.9392284750938416,0.0,0.6956443190574646,1.9046547412872314,0.0
237,1.0,0.6956443190574646,1.9046547412872314,0.0,1.0455222129821777,2.7387189865112305,0.0
238,1.0,1.0455222129821777,2.7387189865112305,0.0,1.3021948337554932,0.2541159987449646,1.0
239,1.0,1.3021948337554932,0.2541159987449646,1.0,0.7397392988204956,0.9120106101036072,1.0
240,1.0,0.7397392988204956,0.9120106101036072,1.0,1.4849119186401367,3.8199234008789062,0.0
241,1.0,1.4849119186401367,3.8199234008789062,0.0,0.5893844962120056,2.303699016571045,0.0
242,1.0,0.5893844962120056,2.303699016571045,0.0,1.7464189529418945,2.1876978874206543,1.0
243,0.0,0.2256995290517807,0.8380734920501709,0.0,0.561284065246582,2.2901155948638916,0.0
244,0.0,0.561284065246582,2.2901155948638916,0.0,0.2136596143245697,-0.13768619298934937,1.0
245,0.0,0.2136596143245697,-0.13768619298934937,1.0,1.4744782447814941,2.093745231628418,0.0
246,0.0,1.4744782447814941,2.093745231628418,0.0,1.5206718444824219,0.11926893889904022,1.0
247,0.0,1.5206718444824219,0.11926893889904022,1.0,-0.7675738334655762,1.8975579738616943,0.0
248,0.0,-0.7675738334655762,1.8975579738616943,0.0,-1.218942642211914,2.307368278503418,0.0
249,0.0,-1.218942642211914,2.307368278503418,0.0,0.0004722177982330322,1.9236512184143066,0.0
250,0.0,0.0004722177982330322,1.9236512184143066,0.0,0.7751103639602661,-1.2101037502288818,1.0
251,0.0,0.7751103639602661,-1.2101037502288818,1.0,0.19692695140838623,2.1105973720550537,0.0
252,0.0,-1.173364520072937,-0.09795436263084412,0.0,0.42838990688323975,1.8993072509765625,0.0
253,0.0,0.42838990688323975,1.8993072509765625,0.0,-1.074009656906128,1.6228787899017334,0.0
254,0.0,-1.074009656906128,1.6228787899017334,0.0,0.45845192670822144,1.0505552291870117,0.0
255,0.0,0.45845192670822144,1.0505552291870117,0.0,1.2575602531433105,0.7591208219528198,1.0
256,0.0,1.2575602531433105,0.7591208219528198,1.0,1.0486387014389038,3.6902170181274414,0.0
257,0.0,1.0486387014389038,3.6902170181274414,0.0,1.3015058040618896,0.9009889364242554,1.0
258,0.0,1.3015058040618896,0.9009889364242554,1.0,-0.6307831406593323,0.282980352640152,0.0
259,0.0,-0.6307831406593323,0.282980352640152,0.0,1.0601916313171387,-0.35559576749801636,1.0
260,0.0,1.0601916313171387,-0.35559576749801636,1.0,1.4332280158996582,1.6402015686035156,1.0
261,0.0,0.5178743600845337,1.285049557685852,0.0,0.9416024684906006,1.086050271987915,1.0
262,0.0,0.9416024684906006,1.086050271987915,1.0,-0.5738231539726257,0.7104150652885437,0.0
263,0.0,-0.5738231539726257,0.7104150652885437,0.0,0.033409059047698975,3.1808059215545654,0.0
264,0.0,0.033409059047698975,3.1808059215545654,0.0,1.6211528778076172,1.6544156074523926,1.0
265,0.0,1.6211528778076172,1.6544156074523926,1.0,-0.8315314650535583,-0.20307999849319458,0.0
266,0.0,-0.8315314650535583,-0.20307999849319458,0.0,0.7740306854248047,0.7302641272544861,1.0
267,0.0,0.7740306854248047,0.7302641272544861,1.0,0.8107782006263733,1.8746094703674316,0.0
268,0.0,0.8107782006263733,1.8746094703674316,0.0,0.6340224742889404,1.8864398002624512,0.0
269,0.0,0.6340224742889404,1.8864398002624512,0.0,-1.1509323120117188,0.15426206588745117,0.0
270,0.0,-1.6122225522994995,0.3549346625804901,0.0,-0.8653513789176941,1.0095614194869995,0.0
271,0.0,-0.8653513789176941,1.0095614194869995,0.0,-1.684173583984375,-0.5235399603843689,0.0
272,0.0,-1.684173583984375,-0.5235399603843689,0.0,-0.14390555024147034,-0.6787412166595459,1.0
273,0.0,-0.14390555024147034,-0.6787412166595459,1.0,0.9373354315757751,1.1142480373382568,1.0
274,0.0,0.9373354315757751,1.1142480373382568,1.0,-0.9418355822563171,0.42649707198143005,0.0
275,0.0,-0.9418355822563171,0.42649707198143005,0.0,-1.6094021797180176,2.3014023303985596,0.0
276,0.0,-1.6094021797180176,2.3014023303985596,0.0,0.6881256699562073,2.379303455352783,0.0
277,0.0,0.6881256699562073,2.379303455352783,0.0,1.3628520965576172,1.167896032333374,1.0
278,0.0,1.3628520965576172,1.167896032333374,1.0,-1.5659339427947998,2.1525890827178955,0.0
279,0.0,-0.49482405185699463,2.5044329166412354,0.0,1.8092982769012451,1.3967692852020264,1.0
280,0.0,1.8092982769012451,1.3967692852020264,1.0,1.670924425125122,1.1941101551055908,1.0
281,0.0,1.670924425125122,1.1941101551055908,1.0,1.5036945343017578,0.610210120677948,1.0
282,0.0,1.5036945343017578,0.610210120677948,1.0,0.1379244327545166,1.175072193145752,0.0
283,0.0,0.1379244327545166,1.175072193145752,0.0,-0.007151767611503601,0.04536616429686546,1.0
284,0.0,-0.007151767611503601,0.04536616429686546,1.0,1.4522309303283691,0.8034126162528992,1.0
285,0.0,1.4522309303283691,0.8034126162528992,1.0,1.7639472484588623,-0.45580238103866577,1.0
286,0.0,1.7639472484588623,-0.45580238103866577,1.0,0.5035178661346436,-0.07486200332641602,1.0
287,0.0,0.5035178661346436,-0.07486200332641602,1.0,0.07978713512420654,1.9959914684295654,0.0
288,0.0,-0.015922538936138153,1.8215088844299316,0.0,-0.04543888568878174,3.329744815826416,0.0
289,0.0,-0.04543888568878174,3.329744815826416,0.0,0.36957138776779175,2.8194472789764404,0.0
290,0.0,0.36957138776779175,2.8194472789764404,0.0,-2.0415213108062744,0.034073323011398315,0.0
291,0.0,-2.0415213108062744,0.034073323011398315,0.0,1.0624042749404907,2.0955028533935547,0.0
292,0.0,1.0624042749404907,2.0955028533935547,0.0,0.15256592631340027,0.4904898703098297,0.0
293,0.0,0.15256592631340027,0.4904898703098297,0.0,0.48137378692626953,1.9342777729034424,0.0
294,0.0,0.48137378692626953,1.9342777729034424,0.0,0.9883370399475098,0.04915452003479004,1.0
295,0.0,0.9883370399475098,0.04915452003479004,1.0,1.0408439636230469,1.3663582801818848,0.0
296,0.0,1.0408439636230469,1.3663582801818848,0.0,1.490992546081543,2.8273813724517822,0.0
297,1.0,1.2354644536972046,0.46296465396881104,1.0,0.9686776995658875,2.3144125938415527,0.0
298,1.0,0.9686776995658875,2.3144125938415527,0.0,-0.6454600691795349,0.3106282353401184,0.0
299,1.0,-0.6454600691795349,0.3106282353401184,0.0,1.3264248371124268,3.515636682510376,0.0
300,1.0,1.3264248371124268,3.515636682510376,0.0,0.259366512298584,-0.6397575736045837,1.0
301,1.0,0.259366512298584,-0.6397575736045837,1.0,-0.37970197200775146,-0.16364556550979614,0.0
302,1.0,-0.37970197200775146,-0.16364556550979614,0.0,1.6027629375457764,1.575571060180664,1.0
303,1.0,1.6027629375457764,1.575571060180664,1.0,-0.49330174922943115,1.008179783821106,0.0
304,1.0,-0.49330174922943115,1.008179783821106,0.0,-0.9980542063713074,0.194469153881073,0.0
305,1.0,-0.9980542063713074,0.194469153881073,0.0,-1.2588465213775635,0.661098301410675,0.0
306,0.0,0.11986586451530457,3.0192408561706543,0.0,-1.878920555114746,-0.22642111778259277,0.0
307,0.0,-1.878920555114746,-0.22642111778259277,0.0,0.290406733751297,2.359551429748535,0.0
308,0.0,0.290406733751297,2.359551429748535,0.0,0.622702419757843,3.2695233821868896,0.0
309,0.0,0.622702419757843,3.2695233821868896,0.0,-1.673898458480835,0.6717976927757263,0.0
310,0.0,-1.673898458480835,0.6717976927757263,0.0,-0.8612225651741028,2.072101593017578,0.0
311,0.0,-0.8612225651741028,2.072101593017578,0.0,-0.2184259593486786,1.5916187763214111,0.0
312,0.0,-0.2184259593486786,1.5916187763214111,0.0,0.5310354828834534,-0.5387346148490906,1.0
313,0.0,0.5310354828834534,-0.5387346148490906,1.0,-0.41421645879745483,1.4629814624786377,0.0
314,0.0,-0.41421645879745483,1.4629814624786377,0.0,0.27624183893203735,0.3379107117652893,1.0
315,1.0,-0.05399554595351219,1.771772027015686,0.0,1.1238240003585815,0.7193179726600647,1.0
316,1.0,1.1238240003585815,0.7193179726600647,1.0,-0.541650116443634,0.13766756653785706,0.0
317,1.0,-0.541650116443634,0.13766756653785706,0.0,-0.33945533633232117,1.350879430770874,0.0
318,1.0,-0.33945533633232117,1.350879430770874,0.0,0.6014477610588074,1.3775417804718018,0.0
319,1.0,0.6014477610588074,1.3775417804718018,0.0,0.9736652970314026,1.3992488384246826,0.0
320,1.0,0.9736652970314026,1.3992488384246826,0.0,1.5603573322296143,3.9033031463623047,1.0
321,1.0,1.5603573322296143,3.9033031463623047,1.0,1.1951286792755127,2.1923229694366455,0.0
322,1.0,1.1951286792755127,2.1923229694366455,0.0,1.0015630722045898,2.121509313583374,0.0
323,1.0,1.0015630722045898,2.121509313583374,0.0,1.081510066986084,2.1524128913879395,1.0
324,0.0,-0.6131041646003723,-0.13852767646312714,0.0,1.484034538269043,0.16929858922958374,1.0
325,0.0,1.484034538269043,0.16929858922958374,1.0,1.7386596202850342,0.7901892066001892,1.0
326,0.0,1.7386596202850342,0.7901892066001892,1.0,-0.2764025628566742,0.22776547074317932,0.0
327,0.0,-0.2764025628566742,0.22776547074317932,0.0,1.3376150131225586,1.6872775554656982,0.0
328,0.0,1.3376150131225586,1.6872775554656982,0.0,0.250148206949234,2.5268168449401855,0.0
329,0.0,0.250148206949234,2.5268168449401855,0.0,0.4466470181941986,1.6034374237060547,0.0
330,0.0,0.4466470181941986,1.6034374237060547,0.0,1.1133637428283691,0.47912919521331787,1.0
331,0.0,1.1133637428283691,0.47912919521331787,1.0,0.6137197017669678,1.8711316585540771,0.0
332,0.0,0.6137197017669678,1.8711316585540771,0.0,2.8948700428009033,-0.5219337344169617,1.0
333,0.0,1.764052391052246,1.6910953521728516,1.0,0.37928807735443115,-0.3564303517341614,1.0
334,0.0,0.37928807735443115,-0.3564303517341614,1.0,0.8708966970443726,-0.6529489755630493,1.0
335,0.0,0.8708966970443726,-0.6529489755630493,1.0,2.0413496494293213,0.28267884254455566,1.0
336,0.0,2.0413496494293213,0.28267884254455566,1.0,2.621127128601074,-1.1411175727844238,1.0
337,0.0,2.621127128601074,-1.1411175727844238,1.0,-0.07554012537002563,3.673610210418701,0.0
338,0.0,-0.07554012537002563,3.673610210418701,0.0,1.9151477813720703,0.1713530421257019,1.0
339,0.0,1.9151477813720703,0.1713530421257019,1.0,0.7462620139122009,0.825838565826416,1.0
340,0.0,0.7462620139122009,0.825838565826416,1.0,-0.863081157207489,-1.5591747760772705,1.0
341,0.0,-0.863081157207489,-1.5591747760772705,1.0,-0.5484442114830017,0.5021922588348389,0.0
342,0.0,0.7835590839385986,1.8865107297897339,0.0,1.4213471412658691,0.48333674669265747,1.0
343,0.0,1.4213471412658691,0.48333674669265747,1.0,-0.32559889554977417,1.4129912853240967,0.0
344,0.0,-0.32559889554977417,1.4129912853240967,0.0,1.1658804416656494,0.5688834190368652,1.0
345,0.0,1.1658804416656494,0.5688834190368652,1.0,0.47263169288635254,0.22576364874839783,1.0
346,0.0,0.47263169288635254,0.22576364874839783,1.0,0.20734909176826477,3.9615771770477295,0.0
347,0.0,0.20734909176826477,3.9615771770477295,0.0,0.6962386965751648,1.9442405700683594,0.0
348,0.0,0.6962386965751648,1.9442405700683594,0.0,-1.5494170188903809,0.5310977697372437,0.0
349,0.0,-1.5494170188903809,0.5310977697372437,0.0,0.39664435386657715,-2.171828508377075,1.0
350,0.0,0.39664435386657715,-2.171828508377075,1.0,-0.8426077961921692,-0.07536661624908447,0.0
351,0.0,-0.5521381497383118,1.6162734031677246,0.0,-1.3526268005371094,2.3601937294006348,0.0
352,0.0,-1.3526268005371094,2.3601937294006348,0.0,-0.6496565937995911,0.3084081709384918,0.0
353,0.0,-0.6496565937995911,0.3084081709384918,0.0,0.8694449067115784,1.0384864807128906,1.0
354,0.0,0.8694449067115784,1.0384864807128906,1.0,3.368316173553467,-0.21333223581314087,1.0
355,0.0,3.368316173553467,-0.21333223581314087,1.0,0.8985857963562012,0.22614167630672455,1.0
356,0.0,0.8985857963562012,0.22614167630672455,1.0,0.5940906405448914,1.276061773300171,0.0
357,0.0,0.5940906405448914,1.276061773300171,0.0,0.526579737663269,0.21344564855098724,1.0
358,0.0,0.526579737663269,0.21344564855098724,1.0,1.3553855419158936,-1.051697015762329,1.0
359,0.0,1.3553855419158936,-1.051697015762329,1.0,0.5276983380317688,-0.40141868591308594,1.0
360,0.0,0.14932893216609955,1.5474854707717896,0.0,0.9387602210044861,3.4898829460144043,0.0
361,0.0,0.9387602210044861,3.4898829460144043,0.0,0.7754257917404175,0.7814195156097412,1.0
362,0.0,0.7754257917404175,0.7814195156097412,1.0,0.4322199821472168,0.4303637742996216,1.0
363,0.0,0.4322199821472168,0.4303637742996216,1.0,1.285081148147583,1.2877707481384277,1.0
364,0.0,1.285081148147583,1.2877707481384277,1.0,0.8405744433403015,2.4127004146575928,0.0
365,0.0,0.8405744433403015,2.4127004146575928,0.0,1.520439624786377,0.27872681617736816,1.0
366,0.0,1.520439624786377,0.27872681617736816,1.0,1.1867132186889648,1.550093412399292,1.0
367,0.0,1.1867132186889648,1.550093412399292,1.0,0.9256370663642883,2.580353260040283,0.0
368,0.0,0.9256370663642883,2.580353260040283,0.0,1.3972997665405273,2.6897828578948975,0.0
369,0.0,0.855911135673523,0.5846350789070129,1.0,-0.33363986015319824,1.8719987869262695,0.0
370,0.0,-0.33363986015319824,1.8719987869262695,0.0,0.780947744846344,1.7152631282806396,0.0
371,0.0,0.780947744846344,1.7152631282806396,0.0,0.0839967131614685,1.175187349319458,0.0
372,0.0,0.0839967131614685,1.175187349319458,0.0,-2.2908012866973877,-0.000278472900390625,0.0
373,0.0,-2.2908012866973877,-0.000278472900390625,0.0,-2.5962278842926025,0.7793918251991272,0.0
374,0.0,-2.5962278842926025,0.7793918251991272,0.0,-1.8691585063934326,0.20989328622817993,0.0
375,0.0,-1.8691585063934326,0.20989328622817993,0.0,1.922935962677002,0.7493061423301697,1.0
376,0.0,1.922935962677002,0.7493061423301697,1.0,0.1078982949256897,2.552729368209839,0.0
377,0.0,0.1078982949256897,2.552729368209839,0.0,-1.269352912902832,0.7548381090164185,0.0
378,1.0,0.7909154891967773,1.560539722442627,1.0,-0.3801316022872925,-0.737348198890686,1.0
379,1.0,-0.3801316022872925,-0.737348198890686,1.0,0.37834012508392334,0.6871796250343323,0.0
380,1.0,0.37834012508392334,0.6871796250343323,0.0,-0.05850118398666382,0.8968890905380249,0.0
381,1.0,-0.05850118398666382,0.8968890905380249,0.0,2.353604316711426,-0.554658055305481,1.0
382,1.0,2.353604316711426,-0.554658055305481,1.0,-0.3195379078388214,3.592644214630127,0.0
383,1.0,-0.3195379078388214,3.592644214630127,0.0,-0.47767430543899536,2.11411452293396,0.0
384,1.0,-0.47767430543899536,2.11411452293396,0.0,1.8881781101226807,1.658895492553711,1.0
385,1.0,1.8881781101226807,1.658895492553711,1.0,0.3664008677005768,0.9950686097145081,0.0
386,1.0,0.3664008677005768,0.9950686097145081,0.0,0.7219122052192688,2.355754852294922,0.0
387,0.0,-0.8975270390510559,-0.21631330251693726,0.0,1.8173959255218506,-1.4319376945495605,1.0
388,0.0,1.8173959255218506,-1.4319376945495605,1.0,0.6080931425094604,-0.5109899640083313,1.0
389,0.0,0.6080931425094604,-0.5109899640083313,1.0,-1.1833076477050781,-0.3999573886394501,0.0
390,0.0,-1.1833076477050781,-0.3999573886394501,0.0,2.815997362136841,-0.009126171469688416,1.0
391,0.0,2.815997362136841,-0.009126171469688416,1.0,1.029228687286377,2.9391329288482666,0.0
392,0.0,1.029228687286377,2.9391329288482666,0.0,1.9430320262908936,-0.8056914210319519,1.0
393,0.0,1.9430320262908936,-0.8056914210319519,1.0,0.9411603212356567,1.1240806579589844,1.0
394,0.0,0.9411603212356567,1.1240806579589844,1.0,-0.2950325608253479,1.176023244857788,0.0
395,0.0,-0.2950325608253479,1.176023244857788,0.0,1.9822046756744385,-0.18151873350143433,1.0
396,0.0,0.496876060962677,1.2368003129959106,0.0,0.9347023963928223,1.0601646900177002,1.0
397,0.0,0.9347023963928223,1.0601646900177002,1.0,-0.6198616623878479,0.7441166043281555,0.0
398,0.0,-0.6198616623878479,0.7441166043281555,0.0,0.07128286361694336,2.8653624057769775,0.0
399,0.0,0.07128286361694336,2.8653624057769775,0.0,1.5895459651947021,1.675377607345581,1.0
400,0.0,1.5895459651947021,1.675377607345581,1.0,-0.8695793747901917,-0.15299679338932037,0.0
401,0.0,-0.8695793747901917,-0.15299679338932037,0.0,0.7467817664146423,0.6960728764533997,1.0
402,0.0,0.7467817664146423,0.6960728764533997,1.0,0.8387102484703064,1.8230278491973877,0.0
403,0.0,0.8387102484703064,1.8230278491973877,0.0,0.6584204435348511,1.866769552230835,0.0
404,0.0,0.6584204435348511,1.866769552230835,0.0,-1.1167516708374023,0.16234275698661804,0.0
405,0.0,2.069450855255127,-0.43851685523986816,1.0,1.2240862846374512,-0.5378629565238953,1.0
406,0.0,1.2240862846374512,-0.5378629565238953,1.0,0.22062939405441284,2.104325532913208,0.0
407,0.0,0.22062939405441284,2.104325532913208,0.0,0.3981063961982727,1.5117301940917969,0.0
408,0.0,0.3981063961982727,1.5117301940917969,0.0,0.14334335923194885,1.5726780891418457,0.0
409,0.0,0.14334335923194885,1.5726780891418457,0.0,0.6238722801208496,-0.8535831570625305,1.0
410,0.0,0.6238722801208496,-0.8535831570625305,1.0,1.0327961444854736,1.99116849899292,0.0
411,0.0,1.0327961444854736,1.99116849899292,0.0,0.7475891709327698,0.8050012588500977,1.0
412,0.0,0.7475891709327698,0.8050012588500977,1.0,0.21687927842140198,0.7347636818885803,0.0
413,0.0,0.21687927842140198,0.7347636818885803,0.0,0.9031900763511658,0.8681549429893494,1.0
414,1.0,1.9571174383163452,1.309837818145752,1.0,-1.6233155727386475,0.33633261919021606,0.0
415,1.0,-1.6233155727386475,0.33633261919021606,0.0,-0.8000255227088928,0.921485960483551,0.0
416,1.0,-0.8000255227088928,0.921485960483551,0.0,1.0462135076522827,-0.45325928926467896,1.0
417,1.0,1.0462135076522827,-0.45325928926467896,1.0,1.0271646976470947,0.22152844071388245,1.0
418,1.0,1.0271646976470947,0.22152844071388245,1.0,0.37525177001953125,1.6760289669036865,0.0
419,1.0,0.37525177001953125,1.6760289669036865,0.0,1.643528938293457,-0.7900667190551758,1.0
420,1.0,1.643528938293457,-0.7900667190551758,1.0,0.3574621379375458,1.9836766719818115,0.0
421,1.0,0.3574621379375458,1.9836766719818115,0.0,0.11051961779594421,2.661680221557617,0.0
422,1.0,0.11051961779594421,2.661680221557617,0.0,1.140709400177002,1.8269402980804443,1.0
423,0.0,0.3755573332309723,0.9420390725135803,0.0,-0.48244357109069824,2.3160312175750732,0.0
424,0.0,-0.48244357109069824,2.3160312175750732,0.0,0.0365634560585022,1.9069569110870361,0.0
425,0.0,0.0365634560585022,1.9069569110870361,0.0,-0.7944163680076599,0.472199022769928,0.0
426,0.0,-0.7944163680076599,0.472199022769928,0.0,0.8249242901802063,-1.474400281906128,1.0
427,0.0,0.8249242901802063,-1.474400281906128,1.0,-0.09413665533065796,3.0750553607940674,0.0
428,0.0,-0.09413665533065796,3.0750553607940674,0.0,-2.855358839035034,0.9719887375831604,0.0
429,0.0,-2.855358839035034,0.9719887375831604,0.0,0.3019939363002777,3.1325771808624268,0.0
430,0.0,0.3019939363002777,3.1325771808624268,0.0,-0.37073051929473877,0.9758086800575256,0.0
431,0.0,-0.37073051929473877,0.9758086800575256,0.0,1.6110222339630127,0.5296040773391724,1.0
432,0.0,-0.9962264895439148,-0.7379413843154907,1.0,1.9879071712493896,-0.9292996525764465,1.0
433,0.0,1.9879071712493896,-0.9292996525764465,1.0,2.5190017223358154,-0.29090139269828796,1.0
434,0.0,2.5190017223358154,-0.29090139269828796,1.0,1.2097280025482178,0.37349849939346313,1.0
435,0.0,1.2097280025482178,0.37349849939346313,1.0,1.3745150566101074,-1.2788612842559814,1.0
436,0.0,1.3745150566101074,-1.2788612842559814,1.0,1.0303516387939453,0.829318642616272,1.0
437,0.0,1.0303516387939453,0.829318642616272,1.0,-0.5412828326225281,-1.1929638385772705,1.0
438,0.0,-0.5412828326225281,-1.1929638385772705,1.0,1.4692082405090332,1.548090934753418,1.0
439,0.0,1.4692082405090332,1.548090934753418,1.0,0.2243664711713791,2.7967708110809326,0.0
440,0.0,0.2243664711713791,2.7967708110809326,0.0,1.6250650882720947,-0.5812188982963562,1.0
441,0.0,1.607489824295044,-0.40424254536628723,1.0,1.1384305953979492,-0.6221466660499573,1.0
442,0.0,1.1384305953979492,-0.6221466660499573,1.0,-0.07015642523765564,3.3581595420837402,0.0
443,0.0,-0.07015642523765564,3.3581595420837402,0.0,-0.6967094540596008,1.3014545440673828,0.0
444,0.0,-0.6967094540596008,1.3014545440673828,0.0,-0.4365377426147461,1.6446757316589355,0.0
445,0.0,-0.4365377426147461,1.6446757316589355,0.0,0.7182825803756714,0.07333362102508545,1.0
446,0.0,0.7182825803756714,0.07333362102508545,1.0,-0.028436094522476196,-0.0030177831649780273,0.0
447,0.0,-0.028436094522476196,-0.0030177831649780273,0.0,1.4196038246154785,1.1823198795318604,1.0
448,0.0,1.4196038246154785,1.1823198795318604,1.0,0.07502420246601105,1.675795555114746,0.0
449,0.0,0.07502420246601105,1.675795555114746,0.0,0.6672787070274353,0.45373815298080444,1.0
450,1.0,-0.33002933859825134,1.857525110244751,0.0,2.5991361141204834,-0.6828240156173706,1.0
451,1.0,2.5991361141204834,-0.6828240156173706,1.0,0.23436811566352844,1.8091802597045898,0.0
452,1.0,0.23436811566352844,1.8091802597045898,0.0,0.17381295561790466,1.3254904747009277,0.0
453,1.0,0.17381295561790466,1.3254904747009277,0.0,-0.9800977110862732,1.3675847053527832,0.0
454,1.0,-0.9800977110862732,1.3675847053527832,0.0,2.130070209503174,0.11207696050405502,1.0
455,1.0,2.130070209503174,0.11207696050405502,1.0,0.6667010188102722,-0.398857057094574,1.0
456,1.0,0.6667010188102722,-0.398857057094574,1.0,0.7799181342124939,3.218893051147461,0.0
457,1.0,0.7799181342124939,3.218893051147461,0.0,1.2556171417236328,1.8145647048950195,1.0
458,1.0,1.2556171417236328,1.8145647048950195,1.0,1.6659798622131348,1.6007277965545654,1.0
459,1.0,1.691820740699768,0.26506733894348145,1.0,0.4488272964954376,1.9625041484832764,0.0
460,1.0,0.4488272964954376,1.9625041484832764,0.0,1.362241268157959,0.36596959829330444,1.0
461,1.0,1.362241268157959,0.36596959829330444,1.0,0.03321582078933716,2.046069860458374,0.0
462,1.0,0.03321582078933716,2.046069860458374,0.0,-0.2775503695011139,1.6466994285583496,0.0
463,1.0,-0.2775503695011139,1.6466994285583496,0.0,0.8921809792518616,0.39664921164512634,1.0
464,1.0,0.8921809792518616,0.39664921164512634,1.0,-0.812950074672699,0.3435863256454468,0.0
465,1.0,-0.812950074672699,0.3435863256454468,0.0,2.6434974670410156,0.28397050499916077,1.0
466,1.0,2.6434974670410156,0.28397050499916077,1.0,-0.18472954630851746,-0.5028232336044312,0.0
467,1.0,-0.18472954630851746,-0.5028232336044312,0.0,1.2990527153015137,3.135361909866333,1.0
468,1.0,0.13876770436763763,1.1517843008041382,0.0,1.1931281089782715,0.8060488104820251,1.0
469,1.0,1.1931281089782715,0.8060488104820251,1.0,-0.11352908611297607,1.5834202766418457,0.0
470,1.0,-0.11352908611297607,1.5834202766418457,0.0,-0.7401053309440613,1.3900346755981445,0.0
471,1.0,-0.7401053309440613,1.3900346755981445,0.0,1.8771536350250244,0.6721776723861694,1.0
472,1.0,1.8771536350250244,0.6721776723861694,1.0,0.5258768796920776,3.4505503177642822,0.0
473,1.0,0.5258768796920776,3.4505503177642822,0.0,2.2923715114593506,-3.219896078109741,1.0
474,1.0,2.2923715114593506,-3.219896078109741,1.0,1.3921637535095215,0.31159356236457825,1.0
475,1.0,1.3921637535095215,0.31159356236457825,1.0,0.486687034368515,1.5579454898834229,0.0
476,1.0,0.486687034368515,1.5579454898834229,0.0,1.2932794094085693,1.3312673568725586,1.0
477,1.0,0.20550678670406342,2.296081781387329,0.0,1.7678265571594238,0.06803420186042786,1.0
478,1.0,1.7678265571594238,0.06803420186042786,1.0,-0.6313903331756592,0.284782350063324,0.0
479,1.0,-0.6313903331756592,0.284782350063324,0.0,-0.5786867737770081,4.461567401885986,0.0
480,1.0,-0.5786867737770081,4.461567401885986,0.0,1.2544033527374268,1.1908297538757324,1.0
481,1.0,1.2544033527374268,1.1908297538757324,1.0,1.2339003086090088,0.1684601604938507,1.0
482,1.0,1.2339003086090088,0.1684601604938507,1.0,0.566019594669342,1.09663987159729,0.0
483,1.0,0.566019594669342,1.09663987159729,0.0,1.521242618560791,3.807983875274658,0.0
484,1.0,1.521242618560791,3.807983875274658,0.0,0.5996038913726807,2.2869744300842285,0.0
485,1.0,0.5996038913726807,2.2869744300842285,0.0,1.7451419830322266,2.195472002029419,1.0
486,0.0,-0.6379529237747192,1.3781898021697998,0.0,1.3567736148834229,0.8489241003990173,1.0
487,0.0,1.3567736148834229,0.8489241003990173,1.0,-0.09999692440032959,0.588616669178009,0.0
488,0.0,-0.09999692440032959,0.588616669178009,0.0,-0.4383390545845032,0.5825797915458679,0.0
489,0.0,-0.4383390545845032,0.5825797915458679,0.0,1.5336427688598633,0.5363103747367859,1.0
490,0.0,1.5336427688598633,0.5363103747367859,1.0,1.3902912139892578,0.7014253735542297,1.0
491,0.0,1.3902912139892578,0.7014253735542297,1.0,0.13931068778038025,-0.011425301432609558,1.0
492,0.0,0.13931068778038025,-0.011425301432609558,1.0,-0.7126231789588928,1.2222931385040283,0.0
493,0.0,-0.7126231789588928,1.2222931385040283,0.0,-1.0175347328186035,0.834384024143219,0.0
494,0.0,-1.0175347328186035,0.834384024143219,0.0,0.12365078926086426,0.5459598898887634,0.0
495,0.0,-0.7771155834197998,1.0161117315292358,0.0,1.2352211475372314,1.7270877361297607,1.0
496,0.0,1.2352211475372314,1.7270877361297607,1.0,0.06897196173667908,4.052042484283447,0.0
497,0.0,0.06897196173667908,4.052042484283447,0.0,-0.47798269987106323,-0.20006918907165527,1.0
498,0.0,-0.47798269987106323,-0.20006918907165527,1.0,1.9200778007507324,1.8063602447509766,1.0
499,0.0,1.9200778007507324,1.8063602447509766,1.0,0.14370787143707275,0.4509868621826172,0.0
500,0.0,0.14370787143707275,0.4509868621826172,0.0,-0.9045405983924866,0.6491466164588928,0.0
501,0.0,-0.9045405983924866,0.6491466164588928,0.0,-2.2930710315704346,1.0507190227508545,0.0
502,0.0,-2.2930710315704346,1.0507190227508545,0.0,-1.5388915538787842,0.4973065257072449,0.0
503,0.0,-1.5388915538787842,0.4973065257072449,0.0,-0.5052170157432556,0.4390595853328705,0.0
504,0.0,0.3964325785636902,-0.12017154693603516,1.0,0.12494632601737976,0.9043294191360474,0.0
505,0.0,0.12494632601737976,0.9043294191360474,0.0,2.0970571041107178,1.4568455219268799,1.0
506,0.0,2.0970571041107178,1.4568455219268799,1.0,3.331284284591675,-1.7472453117370605,1.0
507,0.0,3.331284284591675,-1.7472453117370605,1.0,0.9557209014892578,4.831291198730469,0.0
508,0.0,0.9557209014892578,4.831291198730469,0.0,0.12979167699813843,1.1212303638458252,0.0
509,0.0,0.12979167699813843,1.1212303638458252,0.0,2.365593910217285,-1.8828322887420654,1.0
510,0.0,2.365593910217285,-1.8828322887420654,1.0,-0.2351931929588318,-0.9529308676719666,1.0
511,0.0,-0.2351931929588318,-0.9529308676719666,1.0,-0.13091948628425598,-0.6380693316459656,1.0
512,0.0,-0.13091948628425598,-0.6380693316459656,1.0,-0.2364177107810974,-2.056398391723633,1.0
513,1.0,1.1771578788757324,1.5475940704345703,1.0,2.0549821853637695,0.2560938596725464,1.0
514,1.0,2.0549821853637695,0.2560938596725464,1.0,0.6287375688552856,1.0367655754089355,0.0
515,1.0,0.6287375688552856,1.0367655754089355,0.0,-1.7014577388763428,-1.815438985824585,1.0
516,1.0,-1.7014577388763428,-1.815438985824585,1.0,-0.26086610555648804,3.1203668117523193,0.0
517,1.0,-0.26086610555648804,3.1203668117523193,0.0,1.842498540878296,2.1985461711883545,0.0
518,1.0,1.842498540878296,2.1985461711883545,0.0,-0.5726640820503235,1.917715311050415,0.0
519,1.0,-0.5726640820503235,1.917715311050415,0.0,1.170053482055664,1.5888383388519287,1.0
520,1.0,1.170053482055664,1.5888383388519287,1.0,0.3804081380367279,1.484893560409546,0.0
521,1.0,0.3804081380367279,1.484893560409546,0.0,-0.10658621788024902,1.7697365283966064,0.0
522,0.0,-0.5164160132408142,2.1891136169433594,0.0,0.52436363697052,1.607126235961914,0.0
523,0.0,0.52436363697052,1.607126235961914,0.0,1.9861302375793457,-1.612976312637329,1.0
524,0.0,1.9861302375793457,-1.612976312637329,1.0,1.1864514350891113,1.0873661041259766,1.0
525,0.0,1.1864514350891113,1.0873661041259766,1.0,2.7919211387634277,0.3408696949481964,1.0
526,0.0,2.7919211387634277,0.3408696949481964,1.0,1.2342572212219238,2.189044713973999,0.0
527,0.0,1.2342572212219238,2.189044713973999,0.0,0.8706296682357788,2.523941993713379,0.0
528,0.0,0.8706296682357788,2.523941993713379,0.0,2.0480222702026367,0.42006367444992065,1.0
529,0.0,2.0480222702026367,0.42006367444992065,1.0,0.5026942491531372,0.3459816873073578,1.0
530,0.0,0.5026942491531372,0.3459816873073578,1.0,0.019349247217178345,2.501023769378662,0.0
531,0.0,-0.6688370704650879,1.009575605392456,0.0,1.2134027481079102,1.5804288387298584,1.0
532,0.0,1.2134027481079102,1.5804288387298584,1.0,0.08494609594345093,3.9765312671661377,0.0
533,0.0,0.08494609594345093,3.9765312671661377,0.0,-0.4440334439277649,-0.16644474864006042,0.0
534,0.0,-0.4440334439277649,-0.16644474864006042,0.0,1.9099676609039307,1.752809762954712,1.0
535,0.0,1.9099676609039307,1.752809762954712,1.0,0.185961052775383,0.47851091623306274,0.0
536,0.0,0.185961052775383,0.47851091623306274,0.0,-0.8091025948524475,0.7146574854850769,0.0
537,0.0,-0.8091025948524475,0.7146574854850769,0.0,-2.195305585861206,1.0035443305969238,0.0
538,0.0,-2.195305585861206,1.0035443305969238,0.0,-1.4526991844177246,0.4786163568496704,0.0
539,0.0,-1.4526991844177246,0.4786163568496704,0.0,-0.4442364573478699,0.40478232502937317,0.0
540,1.0,2.2548274993896484,-1.387882113456726,1.0,0.9435806274414062,1.4654960632324219,1.0
541,1.0,0.9435806274414062,1.4654960632324219,1.0,0.40054038166999817,3.2125661373138428,0.0
542,1.0,0.40054038166999817,3.2125661373138428,0.0,0.6661502718925476,3.657928943634033,0.0
543,1.0,0.6661502718925476,3.657928943634033,0.0,2.098604202270508,1.4689466953277588,1.0
544,1.0,2.098604202270508,1.4689466953277588,1.0,0.5553593635559082,0.0424312949180603,1.0
545,1.0,0.5553593635559082,0.0424312949180603,1.0,0.8638109564781189,2.2930474281311035,0.0
546,1.0,0.8638109564781189,2.2930474281311035,0.0,1.2985410690307617,1.0190179347991943,1.0
547,1.0,1.2985410690307617,1.0190179347991943,1.0,1.3333406448364258,1.0066386461257935,1.0
548,1.0,1.3333406448364258,1.0066386461257935,1.0,1.347806453704834,0.9956291913986206,1.0
549,1.0,-0.6348555088043213,-0.18346787989139557,0.0,0.508412778377533,2.1012074947357178,0.0
550,1.0,0.508412778377533,2.1012074947357178,0.0,0.2650461792945862,4.276969909667969,0.0
551,1.0,0.2650461792945862,4.276969909667969,0.0,-0.44094955921173096,0.3722432255744934,0.0
552,1.0,-0.44094955921173096,0.3722432255744934,0.0,-2.27447509765625,-0.46997714042663574,0.0
553,1.0,-2.27447509765625,-0.46997714042663574,0.0,-1.860658884048462,-0.40712329745292664,0.0
554,1.0,-1.860658884048462,-0.40712329745292664,0.0,-0.3417835533618927,0.37528854608535767,0.0
555,1.0,-0.3417835533618927,0.37528854608535767,0.0,-0.3304797410964966,-0.09324432909488678,0.0
556,1.0,-0.3304797410964966,-0.09324432909488678,0.0,-0.329694002866745,-0.09563378989696503,0.0
557,1.0,-0.329694002866745,-0.09563378989696503,0.0,-0.23635953664779663,-0.09943544864654541,0.0
558,0.0,0.8555333614349365,0.47110557556152344,1.0,-0.08835029602050781,3.0105831623077393,0.0
559,0.0,-0.08835029602050781,3.0105831623077393,0.0,1.0009262561798096,3.1025238037109375,0.0
560,0.0,1.0009262561798096,3.1025238037109375,0.0,0.22784486413002014,1.7750294208526611,0.0
561,0.0,0.22784486413002014,1.7750294208526611,0.0,-1.5875248908996582,-0.21037694811820984,0.0
562,0.0,-1.5875248908996582,-0.21037694811820984,0.0,-1.1474895477294922,1.1717135906219482,0.0
563,0.0,-1.1474895477294922,1.1717135906219482,0.0,-1.0210707187652588,0.8177661299705505,0.0
564,0.0,-1.0210707187652588,0.8177661299705505,0.0,1.855802059173584,0.5163781642913818,1.0
565,0.0,1.855802059173584,0.5163781642913818,1.0,0.3709650933742523,2.529806613922119,0.0
566,0.0,0.3709650933742523,2.529806613922119,0.0,-1.157644510269165,0.7170955538749695,0.0
567,1.0,-2.1256465911865234,-1.1683944463729858,1.0,-1.3312103748321533,0.8287222981452942,0.0
568,1.0,-1.3312103748321533,0.8287222981452942,0.0,0.3872819244861603,1.372657299041748,0.0
569,1.0,0.3872819244861603,1.372657299041748,0.0,0.6436886191368103,2.151897668838501,0.0
570,1.0,0.6436886191368103,2.151897668838501,0.0,-0.22862529754638672,-2.1568000316619873,1.0
571,1.0,-0.22862529754638672,-2.1568000316619873,1.0,0.758106529712677,1.2449426651000977,1.0
572,1.0,0.758106529712677,1.2449426651000977,1.0,0.7709060311317444,0.5168522596359253,0.0
573,1.0,0.7709060311317444,0.5168522596359253,0.0,0.0823153406381607,0.7908352017402649,0.0
574,1.0,0.0823153406381607,0.7908352017402649,0.0,0.9728683233261108,-0.43874436616897583,1.0
575,1.0,0.9728683233261108,-0.43874436616897583,1.0,-0.12203150987625122,1.0265817642211914,0.0
576,1.0,0.16901056468486786,1.3291902542114258,0.0,0.9704208970069885,0.5787079334259033,1.0
577,1.0,0.9704208970069885,0.5787079334259033,1.0,-0.3232627213001251,1.7968642711639404,0.0
578,1.0,-0.3232627213001251,1.7968642711639404,0.0,-0.09707623720169067,2.616762161254883,0.0
579,1.0,-0.09707623720169067,2.616762161254883,0.0,0.22447115182876587,1.7060832977294922,0.0
580,1.0,0.22447115182876587,1.7060832977294922,0.0,-1.0388870239257812,1.873387098312378,0.0
581,1.0,-1.0388870239257812,1.873387098312378,0.0,1.2079403400421143,0.26063865423202515,1.0
582,1.0,1.2079403400421143,0.26063865423202515,1.0,1.0441792011260986,1.8735475540161133,0.0
583,1.0,1.0441792011260986,1.8735475540161133,0.0,0.12985703349113464,2.186455249786377,0.0
584,1.0,0.12985703349113464,2.186455249786377,0.0,1.0475064516067505,0.23403877019882202,1.0
585,1.0,0.7290905714035034,1.6666394472122192,0.0,-0.35829293727874756,0.3811042904853821,0.0
586,1.0,-0.35829293727874756,0.3811042904853821,0.0,0.3292783796787262,-0.5105885863304138,1.0
587,1.0,0.3292783796787262,-0.5105885863304138,1.0,0.6467783451080322,0.43941885232925415,1.0
588,1.0,0.6467783451080322,0.43941885232925415,1.0,1.5112061500549316,-0.19083565473556519,1.0
589,1.0,1.5112061500549316,-0.19083565473556519,1.0,-0.05597493052482605,3.379255533218384,0.0
590,1.0,-0.05597493052482605,3.379255533218384,0.0,1.1825613975524902,3.074120283126831,0.0
591,1.0,1.1825613975524902,3.074120283126831,0.0,1.0069966316223145,2.0224761962890625,1.0
592,1.0,1.0069966316223145,2.0224761962890625,1.0,1.3048641681671143,-0.3965250551700592,1.0
593,1.0,1.3048641681671143,-0.3965250551700592,1.0,0.6112725734710693,1.6011714935302734,0.0
594,1.0,0.1542053371667862,0.7809382677078247,0.0,1.0728516578674316,1.207991123199463,1.0
595,1.0,1.0728516578674316,1.207991123199463,1.0,1.380262851715088,1.1056280136108398,0.0
596,1.0,1.380262851715088,1.1056280136108398,0.0,0.025608539581298828,0.8530782461166382,0.0
597,1.0,0.025608539581298828,0.8530782461166382,0.0,1.384563684463501,0.6102861762046814,1.0
598,1.0,1.384563684463501,0.6102861762046814,1.0,1.2058613300323486,0.738248348236084,1.0
599,1.0,1.2058613300323486,0.738248348236084,1.0,1.8788032531738281,-0.9389507174491882,1.0
600,1.0,1.8788032531738281,-0.9389507174491882,1.0,1.0322329998016357,0.9583556056022644,1.0
601,1.0,1.0322329998016357,0.9583556056022644,1.0,1.6827938556671143,1.356510877609253,1.0
602,1.0,1.6827938556671143,1.356510877609253,1.0,0.6130919456481934,2.2263119220733643,0.0
603,1.0,2.4899818897247314,-0.6515103578567505,1.0,1.620326042175293,1.4417543411254883,1.0
604,1.0,1.620326042175293,1.4417543411254883,1.0,1.5462956428527832,1.4527125358581543,1.0
605,1.0,1.5462956428527832,1.4527125358581543,1.0,1.700631856918335,0.11951689422130585,1.0
606,1.0,1.700631856918335,0.11951689422130585,1.0,0.6003830432891846,2.127739191055298,0.0
607,1.0,0.6003830432891846,2.127739191055298,0.0,-0.1460079550743103,0.6823508739471436,0.0
608,1.0,-0.1460079550743103,0.6823508739471436,0.0,1.5603392124176025,0.3406792879104614,1.0
609,1.0,1.5603392124176025,0.3406792879104614,1.0,0.7884060740470886,1.886817455291748,0.0
610,1.0,0.7884060740470886,1.886817455291748,0.0,1.134659767150879,0.2769189476966858,1.0
611,1.0,1.134659767150879,0.2769189476966858,1.0,1.330113172531128,0.43953970074653625,1.0
612,0.0,1.2767912149429321,0.694252073764801,1.0,0.8000252842903137,3.9171674251556396,0.0
613,0.0,0.8000252842903137,3.9171674251556396,0.0,-0.5962586402893066,1.2511961460113525,0.0
614,0.0,-0.5962586402893066,1.2511961460113525,0.0,-2.4772911071777344,0.3875039219856262,0.0
615,0.0,-2.4772911071777344,0.3875039219856262,0.0,-1.1750741004943848,0.44009003043174744,0.0
616,0.0,-1.1750741004943848,0.44009003043174744,0.0,0.3472370505332947,0.11113899946212769,1.0
617,0.0,0.3472370505332947,0.11113899946212769,1.0,1.4634156227111816,1.203641653060913,1.0
618,0.0,1.4634156227111816,1.203641653060913,1.0,-0.8976460099220276,-1.331200122833252,1.0
619,0.0,-0.8976460099220276,-1.331200122833252,1.0,-2.6798925399780273,-0.8130329251289368,0.0
620,0.0,-2.6798925399780273,-0.8130329251289368,0.0,-1.25655198097229,0.7706847190856934,0.0
621,1.0,0.16310453414916992,-0.44190120697021484,1.0,0.6279126405715942,3.8482284545898438,0.0
622,1.0,0.6279126405715942,3.8482284545898438,0.0,1.4660570621490479,1.60003662109375,1.0
623,1.0,1.4660570621490479,1.60003662109375,1.0,-1.5887672901153564,2.4005892276763916,0.0
624,1.0,-1.5887672901153564,2.4005892276763916,0.0,-1.4331309795379639,2.2110583782196045,0.0
625,1.0,-1.4331309795379639,2.2110583782196045,0.0,-1.791240930557251,1.807828426361084,0.0
626,1.0,-1.791240930557251,1.807828426361084,0.0,0.10226617753505707,2.2441182136535645,0.0
627,1.0,0.10226617753505707,2.2441182136535645,0.0,-1.0167484283447266,0.21109989285469055,0.0
628,1.0,-1.0167484283447266,0.21109989285469055,0.0,-2.4997549057006836,-0.22851818799972534,0.0
629,1.0,-2.4997549057006836,-0.22851818799972534,0.0,-0.8932052254676819,0.8406987190246582,0.0
630,1.0,-0.4845025837421417,-0.2560655176639557,0.0,-0.11574935913085938,2.3622214794158936,0.0
631,1.0,-0.11574935913085938,2.3622214794158936,0.0,0.1514541506767273,3.2564282417297363,0.0
632,1.0,0.1514541506767273,3.2564282417297363,0.0,-0.6513023376464844,-1.20454740524292,1.0
633,1.0,-0.6513023376464844,-1.20454740524292,1.0,-0.68587726354599,0.7471771836280823,0.0
634,1.0,-0.68587726354599,0.7471771836280823,0.0,-1.1014447212219238,-0.7392452955245972,1.0
635,1.0,-1.1014447212219238,-0.7392452955245972,1.0,0.9884530305862427,0.7410274744033813,1.0
636,1.0,0.9884530305862427,0.7410274744033813,1.0,1.0393178462982178,0.3256669342517853,1.0
637,1.0,1.0393178462982178,0.3256669342517853,1.0,-0.05563853681087494,1.0912058353424072,0.0
638,1.0,-0.05563853681087494,1.0912058353424072,0.0,0.4266240894794464,-0.18849515914916992,1.0
639,1.0,0.5616346597671509,0.7963041663169861,1.0,-1.9134514331817627,-1.2338402271270752,1.0
640,1.0,-1.9134514331817627,-1.2338402271270752,1.0,-0.4419495463371277,-0.8549126982688904,1.0
641,1.0,-0.4419495463371277,-0.8549126982688904,1.0,0.3666113018989563,1.8250617980957031,0.0
642,1.0,0.3666113018989563,1.8250617980957031,0.0,-0.6437310576438904,1.7218151092529297,0.0
643,1.0,-0.6437310576438904,1.7218151092529297,0.0,-1.2284431457519531,-0.2772675156593323,0.0
644,1.0,-1.2284431457519531,-0.2772675156593323,0.0,-0.5613139271736145,0.10113658010959625,1.0
645,1.0,-0.5613139271736145,0.10113658010959625,1.0,-0.6677778363227844,-0.4569437503814697,1.0
646,1.0,-0.6677778363227844,-0.4569437503814697,1.0,-0.38869184255599976,0.3725246787071228,0.0
647,1.0,-0.38869184255599976,0.3725246787071228,0.0,-0.5751002430915833,0.5359559059143066,0.0
648,1.0,1.14141845703125,0.12958338856697083,1.0,-0.014360159635543823,0.8502277731895447,0.0
649,1.0,-0.014360159635543823,0.8502277731895447,0.0,0.3113063871860504,1.6271188259124756,0.0
650,1.0,0.3113063871860504,1.6271188259124756,0.0,0.9662042856216431,1.6968810558319092,0.0
651,1.0,0.9662042856216431,1.6968810558319092,0.0,0.016449108719825745,1.4744303226470947,0.0
652,1.0,0.016449108719825745,1.4744303226470947,0.0,-0.21600830554962158,1.4466211795806885,0.0
653,1.0,-0.21600830554962158,1.4466211795806885,0.0,0.6524045467376709,1.0663199424743652,0.0
654,1.0,0.6524045467376709,1.0663199424743652,0.0,0.35005274415016174,1.1865241527557373,0.0
655,1.0,0.35005274415016174,1.1865241527557373,0.0,-0.5894152522087097,1.3395745754241943,0.0
656,1.0,-0.5894152522087097,1.3395745754241943,0.0,-1.4791510105133057,0.42740878462791443,0.0
657,0.0,-0.1521216332912445,2.64245343208313,0.0,0.4688829183578491,1.1903057098388672,0.0
658,0.0,0.4688829183578491,1.1903057098388672,0.0,0.9899435639381409,2.463430404663086,0.0
659,0.0,0.9899435639381409,2.463430404663086,0.0,0.07591323554515839,1.4169096946716309,0.0
660,0.0,0.07591323554515839,1.4169096946716309,0.0,-0.6887124180793762,0.8600825071334839,0.0
661,0.0,-0.6887124180793762,0.8600825071334839,0.0,-0.05490082502365112,1.1052830219268799,0.0
662,0.0,-0.05490082502365112,1.1052830219268799,0.0,0.9461387991905212,1.4647293090820312,0.0
663,0.0,0.9461387991905212,1.4647293090820312,0.0,1.4091806411743164,-1.1585452556610107,1.0
664,0.0,1.4091806411743164,-1.1585452556610107,1.0,-0.1440606415271759,1.9428601264953613,0.0
665,0.0,-0.1440606415271759,1.9428601264953613,0.0,0.5280506610870361,0.17154040932655334,1.0
666,1.0,-0.1927766054868698,0.9112064242362976,0.0,1.4869771003723145,2.2025041580200195,0.0
667,1.0,1.4869771003723145,2.2025041580200195,0.0,0.3366149365901947,1.3976516723632812,0.0
668,1.0,0.3366149365901947,1.3976516723632812,0.0,-0.4572417140007019,0.5980005860328674,0.0
669,1.0,-0.4572417140007019,0.5980005860328674,0.0,1.298856258392334,-0.33554843068122864,1.0
670,1.0,1.298856258392334,-0.33554843068122864,1.0,1.432201862335205,1.297187089920044,1.0
671,1.0,1.432201862335205,1.297187089920044,1.0,0.9733224511146545,1.841428279876709,0.0
672,1.0,0.9733224511146545,1.841428279876709,0.0,0.10912945866584778,-0.33262160420417786,1.0
673,1.0,0.10912945866584778,-0.33262160420417786,1.0,1.3668677806854248,1.4021320343017578,1.0
674,1.0,1.3668677806854248,1.4021320343017578,1.0,0.7973068356513977,2.365394115447998,0.0
675,1.0,-0.2738158106803894,0.600688636302948,0.0,0.8889765739440918,1.5313031673431396,1.0
676,1.0,0.8889765739440918,1.5313031673431396,1.0,-0.1647934913635254,-0.03564581274986267,0.0
677,1.0,-0.1647934913635254,-0.03564581274986267,0.0,-0.031138375401496887,0.6695519685745239,0.0
678,1.0,-0.031138375401496887,0.6695519685745239,0.0,0.18713310360908508,-0.2656540274620056,1.0
679,1.0,0.18713310360908508,-0.2656540274620056,1.0,0.04461194574832916,0.8426306843757629,0.0
680,1.0,0.04461194574832916,0.8426306843757629,0.0,1.4853222370147705,1.625551700592041,1.0
681,1.0,1.4853222370147705,1.625551700592041,1.0,0.21866172552108765,0.6219180226325989,0.0
682,1.0,0.21866172552108765,0.6219180226325989,0.0,1.4397201538085938,1.1288111209869385,1.0
683,1.0,1.4397201538085938,1.1288111209869385,1.0,0.7419295907020569,2.2878427505493164,0.0
684,0.0,-0.6179315447807312,-0.20969773828983307,0.0,1.502638578414917,-0.3794070780277252,1.0
685,0.0,1.502638578414917,-0.3794070780277252,1.0,1.7692646980285645,0.47950848937034607,1.0
686,0.0,1.7692646980285645,0.47950848937034607,1.0,-0.14411818981170654,0.10198453068733215,1.0
687,0.0,-0.14411818981170654,0.10198453068733215,1.0,1.2407019138336182,1.2545092105865479,1.0
688,0.0,1.2407019138336182,1.2545092105865479,1.0,0.5565652847290039,2.015892505645752,0.0
689,0.0,0.5565652847290039,2.015892505645752,0.0,0.4644818902015686,1.2983508110046387,0.0
690,0.0,0.4644818902015686,1.2983508110046387,0.0,1.2834196090698242,0.5554991960525513,1.0
691,0.0,1.2834196090698242,0.5554991960525513,1.0,0.6456573009490967,2.0813305377960205,0.0
692,0.0,0.6456573009490967,2.0813305377960205,0.0,2.648102283477783,-0.8184295296669006,1.0
693,1.0,1.27482008934021,-0.45402127504348755,1.0,0.941752016544342,0.5698395371437073,1.0
694,1.0,0.941752016544342,0.5698395371437073,1.0,-0.0502009391784668,2.6666905879974365,0.0
695,1.0,-0.0502009391784668,2.6666905879974365,0.0,1.5176997184753418,2.6737420558929443,0.0
696,1.0,1.5176997184753418,2.6737420558929443,0.0,0.0614202618598938,1.8775770664215088,0.0
697,1.0,0.0614202618598938,1.8775770664215088,0.0,-0.40985459089279175,1.3508164882659912,0.0
698,1.0,-0.40985459089279175,1.3508164882659912,0.0,1.1101813316345215,1.4425582885742188,0.0
699,1.0,1.1101813316345215,1.4425582885742188,0.0,1.940539836883545,1.4318783283233643,1.0
700,1.0,1.940539836883545,1.4318783283233643,1.0,-0.07870328426361084,1.546541452407837,0.0
701,1.0,-0.07870328426361084,1.546541452407837,0.0,0.5837768912315369,2.4361748695373535,0.0
702,1.0,0.22822657227516174,0.4391801357269287,0.0,0.4877081513404846,1.1921594142913818,0.0
703,1.0,0.4877081513404846,1.1921594142913818,0.0,0.5102797746658325,0.4552784860134125,0.0
704,1.0,0.5102797746658325,0.4552784860134125,0.0,0.6249845027923584,0.634206235408783,0.0
705,1.0,0.6249845027923584,0.634206235408783,0.0,0.5670499801635742,1.2799360752105713,0.0
706,1.0,0.5670499801635742,1.2799360752105713,0.0,0.18407262861728668,1.8416762351989746,0.0
707,1.0,0.18407262861728668,1.8416762351989746,0.0,-0.50557941198349,0.5840031504631042,0.0
708,1.0,-0.50557941198349,0.5840031504631042,0.0,0.4766830801963806,0.15693756937980652,1.0
709,1.0,0.4766830801963806,0.15693756937980652,1.0,0.21399915218353271,0.41701221466064453,0.0
710,1.0,0.21399915218353271,0.41701221466064453,0.0,-1.5004563331604004,0.6062067151069641,0.0
711,1.0,-0.38998687267303467,1.9822194576263428,0.0,2.9375154972076416,-0.64109206199646,1.0
712,1.0,2.9375154972076416,-0.64109206199646,1.0,0.2850382924079895,1.4973042011260986,0.0
713,1.0,0.2850382924079895,1.4973042011260986,0.0,0.4714432656764984,0.9638352990150452,1.0
714,1.0,0.4714432656764984,0.9638352990150452,1.0,-0.6921042203903198,1.534210443496704,0.0
715,1.0,-0.6921042203903198,1.534210443496704,0.0,1.8832733631134033,0.15283095836639404,1.0
716,1.0,1.8832733631134033,0.15283095836639404,1.0,0.8024678230285645,-0.19311779737472534,1.0
717,1.0,0.8024678230285645,-0.19311779737472534,1.0,0.7135108709335327,3.171250104904175,0.0
718,1.0,0.7135108709335327,3.171250104904175,0.0,1.2075965404510498,1.7442374229431152,0.0
719,1.0,1.2075965404510498,1.7442374229431152,0.0,1.6841681003570557,1.5821704864501953,1.0
720,0.0,-1.738423466682434,0.18313346803188324,0.0,-0.6612104773521423,1.4115955829620361,0.0
721,0.0,-0.6612104773521423,1.4115955829620361,0.0,-1.6780903339385986,-0.17205268144607544,0.0
722,0.0,-1.6780903339385986,-0.17205268144607544,0.0,-0.20537126064300537,-0.6176406741142273,1.0
723,0.0,-0.20537126064300537,-0.6176406741142273,1.0,0.8614540696144104,0.9267277717590332,1.0
724,0.0,0.8614540696144104,0.9267277717590332,1.0,-0.9712815880775452,0.47625434398651123,0.0
725,0.0,-0.9712815880775452,0.47625434398651123,0.0,-1.7897558212280273,2.2063777446746826,0.0
726,0.0,-1.7897558212280273,2.2063777446746826,0.0,0.5373848080635071,2.4960458278656006,0.0
727,0.0,0.5373848080635071,2.4960458278656006,0.0,1.2064001560211182,1.1034812927246094,1.0
728,0.0,1.2064001560211182,1.1034812927246094,1.0,-1.4706964492797852,2.292471170425415,0.0
729,0.0,-0.2153959572315216,1.8978214263916016,0.0,-0.7497780919075012,2.263185501098633,0.0
730,0.0,-0.7497780919075012,2.263185501098633,0.0,1.1875267028808594,-0.5188028216362,1.0
731,0.0,1.1875267028808594,-0.5188028216362,1.0,0.5641253590583801,0.7832579016685486,1.0
732,0.0,0.5641253590583801,0.7832579016685486,1.0,2.0237157344818115,0.6269927024841309,1.0
733,0.0,2.0237157344818115,0.6269927024841309,1.0,0.6178548336029053,2.227703809738159,0.0
734,0.0,0.6178548336029053,2.227703809738159,0.0,1.376321792602539,1.288191795349121,1.0
735,0.0,1.376321792602539,1.288191795349121,1.0,1.2969765663146973,-0.23518604040145874,1.0
736,0.0,1.2969765663146973,-0.23518604040145874,1.0,0.08732694387435913,1.1982388496398926,0.0
737,0.0,0.08732694387435913,1.1982388496398926,0.0,-0.7084349989891052,-0.406862735748291,1.0
738,0.0,1.0545613765716553,0.5923194885253906,1.0,0.15664106607437134,3.106506824493408,0.0
739,0.0,0.15664106607437134,3.106506824493408,0.0,0.639005184173584,1.9538748264312744,0.0
740,0.0,0.639005184173584,1.9538748264312744,0.0,-1.3689136505126953,0.641832172870636,0.0
741,0.0,-1.3689136505126953,0.641832172870636,0.0,-1.9841046333312988,0.38237854838371277,0.0
742,0.0,-1.9841046333312988,0.38237854838371277,0.0,-1.3781347274780273,0.360770046710968,0.0
743,0.0,-1.3781347274780273,0.360770046710968,0.0,0.436261385679245,0.30326926708221436,1.0
744,0.0,0.436261385679245,0.30326926708221436,1.0,0.8746851086616516,1.9009130001068115,0.0
745,0.0,0.8746851086616516,1.9009130001068115,0.0,-0.8915693163871765,-0.05433538556098938,0.0
746,0.0,-0.8915693163871765,-0.05433538556098938,0.0,-1.4424445629119873,1.0980136394500732,0.0
747,1.0,-1.1448668241500854,-0.7519094347953796,1.0,2.016085624694824,-0.7619525790214539,1.0
748,1.0,2.016085624694824,-0.7619525790214539,1.0,0.6132712960243225,0.3992043137550354,0.0
749,1.0,0.6132712960243225,0.3992043137550354,0.0,0.7053813338279724,2.3287465572357178,0.0
750,1.0,0.7053813338279724,2.3287465572357178,0.0,0.30277130007743835,-0.0025535225868225098,1.0
751,1.0,0.30277130007743835,-0.0025535225868225098,1.0,0.9511972069740295,1.440953016281128,1.0
752,1.0,0.9511972069740295,1.440953016281128,1.0,-0.16866236925125122,-0.10867851972579956,0.0
753,1.0,-0.16866236925125122,-0.10867851972579956,0.0,1.5067288875579834,1.5547752380371094,0.0
754,1.0,1.5067288875579834,1.5547752380371094,0.0,-0.6329450607299805,1.5849695205688477,0.0
755,1.0,-0.6329450607299805,1.5849695205688477,0.0,0.9434724450111389,-0.033230096101760864,1.0
756,1.0,0.6696640253067017,1.1444003582000732,0.0,-0.6791829466819763,-1.5210282802581787,1.0
757,1.0,-0.6791829466819763,-1.5210282802581787,1.0,-0.0007950067520141602,-0.9671424031257629,1.0
758,1.0,-0.0007950067520141602,-0.9671424031257629,1.0,0.02267274260520935,2.032111883163452,0.0
759,1.0,0.02267274260520935,2.032111883163452,0.0,0.4117664694786072,0.7666006684303284,0.0
760,1.0,0.4117664694786072,0.7666006684303284,0.0,-0.7361820340156555,1.1344757080078125,0.0
761,1.0,-0.7361820340156555,1.1344757080078125,0.0,0.42050862312316895,0.8823149800300598,0.0
762,1.0,0.42050862312316895,0.8823149800300598,0.0,-0.3890761137008667,1.9629552364349365,0.0
763,1.0,-0.3890761137008667,1.9629552364349365,0.0,-0.1933397650718689,0.7800220251083374,0.0
764,1.0,-0.1933397650718689,0.7800220251083374,0.0,-0.13996100425720215,1.1886649131774902,0.0
765,0.0,0.154947429895401,0.2181035727262497,1.0,0.7327949404716492,1.8659322261810303,0.0
766,0.0,0.7327949404716492,1.8659322261810303,0.0,0.31121009588241577,0.18182450532913208,0.0
767,0.0,0.31121009588241577,0.18182450532913208,0.0,0.9407095313072205,0.8746824860572815,1.0
768,0.0,0.9407095313072205,0.8746824860572815,1.0,0.6166646480560303,1.7299079895019531,0.0
769,0.0,0.6166646480560303,1.7299079895019531,0.0,-0.7428559064865112,1.7464454174041748,0.0
770,0.0,-0.7428559064865112,1.7464454174041748,0.0,0.6742540001869202,-0.6674638390541077,1.0
771,0.0,0.6742540001869202,-0.6674638390541077,1.0,-0.18944978713989258,1.0382357835769653,0.0
772,0.0,-0.18944978713989258,1.0382357835769653,0.0,-0.43154358863830566,-0.02260798215866089,0.0
773,0.0,-0.43154358863830566,-0.02260798215866089,0.0,0.3108198642730713,1.2696919441223145,0.0
774,1.0,0.7470000386238098,1.670698642730713,0.0,-0.33981701731681824,0.3476855754852295,0.0
775,1.0,-0.33981701731681824,0.3476855754852295,0.0,0.3315236568450928,-0.4974328875541687,1.0
776,1.0,0.3315236568450928,-0.4974328875541687,1.0,0.642538845539093,0.411324143409729,1.0
777,1.0,0.642538845539093,0.411324143409729,1.0,1.5510036945343018,-0.20381134748458862,1.0
778,1.0,1.5510036945343018,-0.20381134748458862,1.0,-0.031689226627349854,3.3208680152893066,0.0
779,1.0,-0.031689226627349854,3.3208680152893066,0.0,1.193873643875122,3.028907537460327,1.0
780,1.0,1.193873643875122,3.028907537460327,1.0,1.0072764158248901,2.0262086391448975,0.0
781,1.0,1.0072764158248901,2.0262086391448975,0.0,1.313020944595337,-0.4349197745323181,1.0
782,1.0,1.313020944595337,-0.4349197745323181,1.0,0.6421314477920532,1.544729232788086,0.0
783,0.0,0.9998124241828918,1.4410862922668457,0.0,0.23596280813217163,-0.40925395488739014,1.0
784,0.0,0.23596280813217163,-0.40925395488739014,1.0,1.1890099048614502,-0.2501107454299927,1.0
785,0.0,1.1890099048614502,-0.2501107454299927,1.0,0.24419695138931274,0.2931283116340637,0.0
786,0.0,0.24419695138931274,0.2931283116340637,0.0,1.9539141654968262,2.7263922691345215,0.0
787,0.0,1.9539141654968262,2.7263922691345215,0.0,-0.32833388447761536,-0.393837571144104,1.0
788,0.0,-0.32833388447761536,-0.393837571144104,1.0,0.2582019865512848,1.912611722946167,0.0
789,0.0,0.2582019865512848,1.912611722946167,0.0,0.8990913033485413,0.9698772430419922,1.0
790,0.0,0.8990913033485413,0.9698772430419922,1.0,0.45107370615005493,1.712972640991211,0.0
791,0.0,0.45107370615005493,1.712972640991211,0.0,-0.33087265491485596,0.26640117168426514,0.0
792,1.0,-0.24435794353485107,1.192129135131836,0.0,1.4829633235931396,1.116706371307373,1.0
793,1.0,1.4829633235931396,1.116706371307373,1.0,-0.42048197984695435,3.2550888061523438,0.0
794,1.0,-0.42048197984695435,3.2550888061523438,0.0,-0.4620622992515564,0.3739624619483948,0.0
795,1.0,-0.4620622992515564,0.3739624619483948,0.0,0.7660642266273499,1.3653593063354492,0.0
796,1.0,0.7660642266273499,1.3653593063354492,0.0,0.7495782971382141,0.3954034745693207,0.0
797,1.0,0.7495782971382141,0.3954034745693207,0.0,1.5118236541748047,0.9997265338897705,1.0
798,1.0,1.5118236541748047,0.9997265338897705,1.0,0.6542441844940186,1.19264817237854,0.0
799,1.0,0.6542441844940186,1.19264817237854,0.0,1.6599376201629639,0.10047304630279541,1.0
800,1.0,1.6599376201629639,0.10047304630279541,1.0,0.8295965194702148,1.6509382724761963,0.0
801,1.0,0.19728362560272217,2.7570035457611084,0.0,1.3455705642700195,-0.5381751656532288,1.0
802,1.0,1.3455705642700195,-0.5381751656532288,1.0,-0.3098813593387604,0.8493912220001221,0.0
803,1.0,-0.3098813593387604,0.8493912220001221,0.0,-0.6330808401107788,3.6934335231781006,0.0
804,1.0,-0.6330808401107788,3.6934335231781006,0.0,1.2430970668792725,2.3930656909942627,0.0
805,1.0,1.2430970668792725,2.3930656909942627,0.0,1.642622947692871,0.2733806371688843,1.0
806,1.0,1.642622947692871,0.2733806371688843,1.0,1.542367935180664,0.9795669913291931,1.0
807,1.0,1.542367935180664,0.9795669913291931,1.0,1.4320299625396729,1.4708311557769775,1.0
808,1.0,1.4320299625396729,1.4708311557769775,1.0,1.1299128532409668,1.4623870849609375,0.0
809,1.0,1.1299128532409668,1.4623870849609375,0.0,1.2105836868286133,1.264852523803711,0.0
810,0.0,-2.5529897212982178,-0.45529165863990784,0.0,-1.7705726623535156,3.7887752056121826,0.0
811,0.0,-1.7705726623535156,3.7887752056121826,0.0,-1.3746461868286133,2.1061367988586426,0.0
812,0.0,-1.3746461868286133,2.1061367988586426,0.0,-0.3299722671508789,0.9458023905754089,0.0
813,0.0,-0.3299722671508789,0.9458023905754089,0.0,-0.40457457304000854,0.1262320578098297,0.0
814,0.0,-0.40457457304000854,0.1262320578098297,0.0,0.11764073371887207,1.008765459060669,0.0
815,0.0,0.11764073371887207,1.008765459060669,0.0,-0.06786686182022095,-0.1251402497291565,1.0
816,0.0,-0.06786686182022095,-0.1251402497291565,1.0,-0.883902370929718,1.6516547203063965,0.0
817,0.0,-0.883902370929718,1.6516547203063965,0.0,-0.16636979579925537,1.0358240604400635,0.0
818,0.0,-0.16636979579925537,1.0358240604400635,0.0,-0.6624076962471008,1.1165249347686768,0.0
819,0.0,0.9855145812034607,3.2614641189575195,0.0,0.39735597372055054,0.13536983728408813,1.0
820,0.0,0.39735597372055054,0.13536983728408813,1.0,0.9213398098945618,1.3766090869903564,0.0
821,0.0,0.9213398098945618,1.3766090869903564,0.0,-0.16176870465278625,2.217982053756714,0.0
822,0.0,-0.16176870465278625,2.217982053756714,0.0,-1.0587360858917236,2.8219432830810547,0.0
823,0.0,-1.0587360858917236,2.8219432830810547,0.0,0.3436167240142822,1.9443426132202148,0.0
824,0.0,0.3436167240142822,1.9443426132202148,0.0,0.8941819667816162,1.6449851989746094,0.0
825,0.0,0.8941819667816162,1.6449851989746094,0.0,1.492781639099121,1.3566434383392334,1.0
826,0.0,1.492781639099121,1.3566434383392334,1.0,0.43900734186172485,1.7554142475128174,0.0
827,0.0,0.43900734186172485,1.7554142475128174,0.0,-0.10900276899337769,1.130368947982788,0.0
828,1.0,-0.8282739520072937,-1.1082723140716553,1.0,-0.13954156637191772,0.8298210501670837,0.0
829,1.0,-0.13954156637191772,0.8298210501670837,0.0,-0.8764106631278992,0.2591255307197571,0.0
830,1.0,-0.8764106631278992,0.2591255307197571,0.0,0.23901331424713135,2.413846254348755,0.0
831,1.0,0.23901331424713135,2.413846254348755,0.0,-0.3159090280532837,-0.0881880521774292,1.0
832,1.0,-0.3159090280532837,-0.0881880521774292,1.0,0.43593794107437134,1.4309053421020508,0.0
833,1.0,0.43593794107437134,1.4309053421020508,0.0,1.0044448375701904,0.22127515077590942,1.0
834,1.0,1.0044448375701904,0.22127515077590942,1.0,1.4742255210876465,1.8517577648162842,1.0
835,1.0,1.4742255210876465,1.8517577648162842,1.0,0.450996458530426,2.451878786087036,0.0
836,1.0,0.450996458530426,2.451878786087036,0.0,0.0028610974550247192,0.1006004810333252,1.0
837,0.0,0.3153056204319,-0.23069094121456146,1.0,1.8683624267578125,1.4324243068695068,1.0
838,0.0,1.8683624267578125,1.4324243068695068,1.0,1.7069814205169678,1.1388697624206543,1.0
839,0.0,1.7069814205169678,1.1388697624206543,1.0,1.8824257850646973,1.1219522953033447,1.0
840,0.0,1.8824257850646973,1.1219522953033447,1.0,-0.6248729825019836,1.0192723274230957,0.0
841,0.0,-0.6248729825019836,1.0192723274230957,0.0,1.1815941333770752,0.6043022274971008,1.0
842,0.0,1.1815941333770752,0.6043022274971008,1.0,1.9671308994293213,0.257279634475708,1.0
843,0.0,1.9671308994293213,0.257279634475708,1.0,1.8369841575622559,-2.0921971797943115,1.0
844,0.0,1.8369841575622559,-2.0921971797943115,1.0,0.3594267964363098,-0.6960741877555847,1.0
845,0.0,0.3594267964363098,-0.6960741877555847,1.0,0.00388336181640625,-1.4891276359558105,1.0
846,0.0,0.7478712797164917,1.5858498811721802,0.0,0.7984150052070618,0.46528202295303345,1.0
847,0.0,0.7984150052070618,0.46528202295303345,1.0,-0.38257884979248047,0.10244832932949066,0.0
848,0.0,-0.38257884979248047,0.10244832932949066,0.0,0.46098726987838745,1.9926612377166748,0.0
849,0.0,0.46098726987838745,1.9926612377166748,0.0,0.9007575511932373,1.4329040050506592,1.0
850,0.0,0.9007575511932373,1.4329040050506592,1.0,0.07957059144973755,2.007331371307373,0.0
851,0.0,0.07957059144973755,2.007331371307373,0.0,0.7128491997718811,1.0273876190185547,0.0
852,0.0,0.7128491997718811,1.0273876190185547,0.0,0.47304168343544006,1.7000339031219482,0.0
853,0.0,0.47304168343544006,1.7000339031219482,0.0,0.3096947968006134,1.2246382236480713,0.0
854,0.0,0.3096947968006134,1.2246382236480713,0.0,-0.14196455478668213,0.911838948726654,0.0
855,1.0,0.48747724294662476,0.19453021883964539,0.0,0.23187881708145142,1.6050548553466797,0.0
856,1.0,0.23187881708145142,1.6050548553466797,0.0,1.6989657878875732,2.609179735183716,0.0
857,1.0,1.6989657878875732,2.609179735183716,0.0,-0.2511775493621826,2.944833993911743,0.0
858,1.0,-0.2511775493621826,2.944833993911743,0.0,0.25631290674209595,2.545503854751587,0.0
859,1.0,0.25631290674209595,2.545503854751587,0.0,-0.4584962725639343,0.637525200843811,0.0
860,1.0,-0.4584962725639343,0.637525200843811,0.0,-0.01394742727279663,0.2543899416923523,0.0
861,1.0,-0.01394742727279663,0.2543899416923523,0.0,0.25449138879776,0.4886121153831482,0.0
862,1.0,0.25449138879776,0.4886121153831482,0.0,-0.2437008023262024,1.2458746433258057,0.0
863,1.0,-0.2437008023262024,1.2458746433258057,0.0,-0.40336012840270996,0.972639262676239,0.0
864,1.0,0.5141947865486145,1.5873125791549683,0.0,-0.7144340872764587,0.8135780692100525,0.0
865,1.0,-0.7144340872764587,0.8135780692100525,0.0,0.4085579812526703,-0.0612298846244812,1.0
866,1.0,0.4085579812526703,-0.0612298846244812,1.0,0.7463926672935486,0.33991265296936035,1.0
867,1.0,0.7463926672935486,0.33991265296936035,1.0,0.9416741728782654,0.5013075470924377,1.0
868,1.0,0.9416741728782654,0.5013075470924377,1.0,-0.34981876611709595,3.6936633586883545,0.0
869,1.0,-0.34981876611709595,3.6936633586883545,0.0,1.2192902565002441,2.8340508937835693,0.0
870,1.0,1.2192902565002441,2.8340508937835693,0.0,0.9072484374046326,1.868640661239624,0.0
871,1.0,0.9072484374046326,1.868640661239624,0.0,1.1980366706848145,-0.255423367023468,1.0
872,1.0,1.1980366706848145,-0.255423367023468,1.0,0.7461424469947815,1.536958932876587,0.0
873,1.0,0.632742166519165,0.8499791622161865,0.0,-1.8905448913574219,-1.270970344543457,0.0
874,1.0,-1.8905448913574219,-1.270970344543457,0.0,-0.14744514226913452,-0.7213670611381531,1.0
875,1.0,-0.14744514226913452,-0.7213670611381531,1.0,0.3698667287826538,1.8931596279144287,0.0
876,1.0,0.3698667287826538,1.8931596279144287,0.0,-0.5264843702316284,1.4413104057312012,0.0
877,1.0,-0.5264843702316284,1.4413104057312012,0.0,-1.0773274898529053,-0.21964991092681885,0.0
878,1.0,-1.0773274898529053,-0.21964991092681885,0.0,-0.46762406826019287,0.2238149642944336,0.0
879,1.0,-0.46762406826019287,0.2238149642944336,0.0,-0.65665602684021,-0.17351511120796204,1.0
880,1.0,-0.65665602684021,-0.17351511120796204,1.0,-0.3768587112426758,0.3669317066669464,0.0
881,1.0,-0.3768587112426758,0.3669317066669464,0.0,-0.5482754111289978,0.6757619976997375,0.0
882,0.0,1.9537819623947144,-0.30761730670928955,1.0,1.2277438640594482,-0.4556298851966858,1.0
883,0.0,1.2277438640594482,-0.4556298851966858,1.0,0.3061428666114807,2.0759079456329346,0.0
884,0.0,0.3061428666114807,2.0759079456329346,0.0,0.36666756868362427,1.376941442489624,0.0
885,0.0,0.36666756868362427,1.376941442489624,0.0,0.15190452337265015,1.5218982696533203,0.0
886,0.0,0.15190452337265015,1.5218982696533203,0.0,0.6659492254257202,-0.918381929397583,1.0
887,0.0,0.6659492254257202,-0.918381929397583,1.0,1.0270590782165527,1.8745126724243164,0.0
888,0.0,1.0270590782165527,1.8745126724243164,0.0,0.7410979270935059,0.8573256134986877,1.0
889,0.0,0.7410979270935059,0.8573256134986877,1.0,0.20005983114242554,0.8087260723114014,0.0
890,0.0,0.20005983114242554,0.8087260723114014,0.0,0.9656572937965393,0.9201297163963318,1.0
891,0.0,-0.40542829036712646,3.164984941482544,0.0,1.647902488708496,1.6824076175689697,1.0
892,0.0,1.647902488708496,1.6824076175689697,1.0,1.6613707542419434,1.2805089950561523,1.0
893,0.0,1.6613707542419434,1.2805089950561523,1.0,0.7694463133811951,0.3527029752731323,1.0
894,0.0,0.7694463133811951,0.3527029752731323,1.0,-0.713362455368042,0.7986079454421997,0.0
895,0.0,-0.713362455368042,0.7986079454421997,0.0,-0.9068872332572937,0.1714455932378769,0.0
896,0.0,-0.9068872332572937,0.1714455932378769,0.0,-0.5137165784835815,0.6995425820350647,0.0
897,0.0,-0.5137165784835815,0.6995425820350647,0.0,0.546297013759613,0.16027742624282837,1.0
898,0.0,0.546297013759613,0.16027742624282837,1.0,0.0761064887046814,0.4788060188293457,0.0
899,0.0,0.0761064887046814,0.4788060188293457,0.0,0.15325379371643066,0.29183530807495117,1.0
