,SEX,LIMIT_BAL_1,PAY_AMT1_1,PAY_AMT2_1,Y_1,LIMIT_BAL_2,PAY_AMT1_2,PAY_AMT2_2,Y_2
0,0.0,-1.1321086883544922,1.0089788436889648,-0.17437011003494263,0.0,-0.961414635181427,1.1824427843093872,0.009928703308105469,1.0
1,0.0,-0.10291492193937302,0.4940340220928192,1.0766364336013794,1.0,-0.06822597235441208,0.5714057087898254,1.1596170663833618,1.0
2,0.0,0.7563682794570923,-0.4229106903076172,-0.02480977773666382,0.0,0.9394416809082031,-0.23113928735256195,0.1824551671743393,1.0
3,0.0,-0.43265095353126526,-0.4590297043323517,-0.6821158528327942,0.0,-0.3301745057106018,-0.3684806823730469,-0.5916702151298523,0.0
4,1.0,-0.5475696325302124,-0.919185996055603,-0.6675964593887329,0.0,-0.32300031185150146,-0.7122619152069092,-0.4539444148540497,0.0
5,0.0,-1.188694715499878,0.0656362771987915,-0.8852888345718384,0.0,-1.0337555408477783,0.20109039545059204,-0.7377716898918152,0.0
6,1.0,0.9100507497787476,-1.2122058868408203,0.1178189069032669,0.0,1.1037812232971191,-1.0510332584381104,0.3244948983192444,0.0
7,1.0,-0.23182031512260437,-0.17938897013664246,-0.19422553479671478,0.0,-0.03540705516934395,0.007107838988304138,-0.029067430645227432,0.0
8,0.0,-1.5210163593292236,-0.4146871268749237,-0.124086894094944,0.0,-1.2844213247299194,-0.1663287878036499,0.1749372035264969,0.0
9,1.0,0.5713680982589722,2.1405410766601562,-0.5339244604110718,1.0,0.7808452844619751,2.3238890171051025,-0.27238819003105164,1.0
10,1.0,-0.32533249258995056,-0.45077353715896606,-0.6868026852607727,0.0,-0.1232398971915245,-0.2698992192745209,-0.4944511353969574,0.0
11,0.0,-1.3009839057922363,-0.5024845600128174,-1.1728298664093018,0.0,-1.143467664718628,-0.3903477191925049,-1.0621250867843628,0.0
12,0.0,-0.5710335969924927,-0.502778172492981,-1.245612382888794,0.0,-0.4400658905506134,-0.43440815806388855,-1.137349009513855,0.0
13,1.0,1.3640880584716797,0.9028313755989075,-0.8895629644393921,1.0,1.7514764070510864,1.0528416633605957,-0.6821475028991699,1.0
14,0.0,-0.5545147657394409,0.5856326818466187,1.0996208190917969,1.0,-0.493734210729599,0.6990317106246948,1.204291820526123,1.0
15,1.0,1.764000415802002,-0.6486775279045105,1.1005003452301025,1.0,2.1518661975860596,-0.2896842658519745,1.497813105583191,1.0
16,0.0,-0.08033508062362671,0.18187904357910156,-0.7111918330192566,0.0,0.1380072683095932,0.3552176058292389,-0.5009426474571228,0.0
17,1.0,0.7591806650161743,-0.2507346272468567,0.3651668429374695,1.0,0.9512232542037964,-0.0703529566526413,0.5686089992523193,1.0
18,0.0,-0.7986809015274048,-1.0169275999069214,-1.1354761123657227,0.0,-0.5363336205482483,-0.8109217286109924,-0.8939210772514343,0.0
19,1.0,-0.04423602670431137,2.130613327026367,-0.6649951934814453,1.0,0.5263739824295044,2.406630516052246,-0.1222730427980423,1.0
20,0.0,-0.8946573734283447,0.5545052886009216,1.1415973901748657,1.0,-0.6918240189552307,0.8226752877235413,1.4022570848464966,1.0
21,0.0,0.04193267226219177,0.6640704274177551,1.0810960531234741,1.0,0.2035912722349167,0.8398839831352234,1.242703914642334,1.0
22,1.0,0.08460592478513718,-0.31803032755851746,1.3564683198928833,1.0,0.44159969687461853,0.05024174600839615,1.730126976966858,1.0
23,0.0,-1.1652976274490356,-1.0036803483963013,-0.8337345719337463,0.0,-0.8691182136535645,-0.7622523903846741,-0.57206791639328,0.0
24,1.0,0.14170943200588226,-0.06940978765487671,0.38091719150543213,1.0,0.29683712124824524,0.0997556522488594,0.5475202798843384,1.0
25,0.0,-1.0569007396697998,-0.5125912427902222,-0.34138742089271545,0.0,-0.9312285780906677,-0.38967907428741455,-0.2377275675535202,0.0
26,0.0,0.22463920712471008,0.228972926735878,-0.6448678374290466,0.0,0.33146315813064575,0.31734147667884827,-0.5618834495544434,1.0
27,0.0,0.5363088846206665,-0.6999416947364807,-0.33867472410202026,0.0,0.6356105804443359,-0.6111300587654114,-0.26899975538253784,0.0
28,0.0,-0.9195702075958252,-0.7209998965263367,1.2699828147888184,0.0,-0.8611088991165161,-0.5283563137054443,1.4897332191467285,0.0
29,1.0,0.8945818543434143,-0.6774181723594666,0.2815327048301697,1.0,1.2099511623382568,-0.3870563507080078,0.6135843396186829,1.0
30,0.0,0.4569823741912842,-0.37837374210357666,0.01706267148256302,0.0,0.540235161781311,-0.2899510860443115,0.0985831469297409,0.0
31,1.0,0.020263224840164185,0.49998098611831665,-0.08535134047269821,1.0,0.32037612795829773,0.7742143869400024,0.20062966644763947,1.0
32,0.0,-1.1177335977554321,1.4982097148895264,1.8743923902511597,1.0,-0.9938914179801941,1.708125114440918,2.010972023010254,1.0
33,0.0,-0.6152206063270569,-0.006670147180557251,0.4231763780117035,0.0,-0.5476242303848267,0.10299722850322723,0.5440101027488708,0.0
34,1.0,1.715524673461914,-0.2083221673965454,-0.1563030481338501,1.0,1.897049069404602,0.001759801059961319,0.05616951361298561,1.0
35,0.0,0.6528927683830261,-0.8859801888465881,-0.39161166548728943,0.0,0.8744664192199707,-0.6687260270118713,-0.16416016221046448,0.0
36,0.0,-0.009724825620651245,1.8197993040084839,1.3512122631072998,1.0,0.048769257962703705,1.936567783355713,1.5516103506088257,1.0
37,1.0,1.4642384052276611,1.2000982761383057,0.6125519275665283,1.0,1.6788545846939087,1.3877971172332764,0.8898777365684509,1.0
38,0.0,-0.9300093650817871,-0.2341751605272293,0.043754927814006805,0.0,-0.6933804750442505,-0.002914581447839737,0.29605478048324585,0.0
39,0.0,-1.2511259317398071,-0.6798477172851562,-0.8927221298217773,0.0,-1.1019364595413208,-0.5578697919845581,-0.789601743221283,0.0
40,0.0,-0.9351763129234314,-0.7880653738975525,-0.9027516841888428,0.0,-0.7418167591094971,-0.6448684334754944,-0.7357892990112305,0.0
41,0.0,-0.9090123176574707,1.301339030265808,-0.879000186920166,0.0,-0.4768892824649811,1.5873864889144897,-0.46687284111976624,1.0
42,0.0,-0.9874962568283081,-0.6716423034667969,-0.6266447901725769,0.0,-0.7337244749069214,-0.46323591470718384,-0.39960214495658875,0.0
43,0.0,1.561521053314209,0.21767234802246094,2.6516847610473633,1.0,1.759954571723938,0.519748330116272,2.6572396755218506,1.0
44,1.0,-0.23622927069664001,1.3738772869110107,-0.7937928438186646,1.0,0.18324744701385498,1.7080771923065186,-0.4144873023033142,1.0
45,1.0,-0.38117802143096924,-0.528588593006134,0.025432836264371872,0.0,-0.02463250420987606,-0.1818246990442276,0.3904930055141449,0.0
46,1.0,0.8485202789306641,-0.42931056022644043,-0.02095751464366913,1.0,1.0923874378204346,-0.18616335093975067,0.23152916133403778,1.0
47,0.0,-0.2264237105846405,-0.583513617515564,-0.08108973503112793,0.0,-0.013760295696556568,-0.37266626954078674,0.13901935517787933,0.0
48,0.0,1.6675093173980713,-0.3312579095363617,-0.6837748885154724,1.0,1.7853423357009888,-0.18704631924629211,-0.5169469118118286,1.0
49,1.0,1.0036183595657349,-0.32195889949798584,-0.5064871907234192,0.0,1.2794086933135986,-0.042124975472688675,-0.21042893826961517,1.0
50,1.0,-0.5802990198135376,-0.9379650950431824,-0.5029100775718689,0.0,-0.38474053144454956,-0.7497804760932922,-0.34451568126678467,0.0
51,0.0,-0.03545137494802475,3.5311012268066406,1.2864800691604614,1.0,0.19375091791152954,3.4037046432495117,1.6455577611923218,1.0
52,1.0,-0.006065294146537781,2.280532121658325,-0.4818628430366516,1.0,0.536605715751648,2.5571396350860596,0.075492262840271,1.0
53,1.0,-0.1957460641860962,0.26414090394973755,-0.5765637159347534,0.0,0.1316683292388916,0.5660164952278137,-0.26532644033432007,1.0
54,0.0,0.40209054946899414,0.2475222945213318,1.1347349882125854,1.0,0.4287298619747162,0.29322630167007446,1.2143467664718628,1.0
55,1.0,-0.15973785519599915,1.4181945323944092,0.32736095786094666,1.0,0.013745359145104885,1.619124412536621,0.5337021946907043,1.0
56,0.0,-0.5114954113960266,-1.0236097574234009,-0.835814893245697,0.0,-0.2563415467739105,-0.798907458782196,-0.5871582627296448,0.0
57,1.0,1.804135799407959,0.43868494033813477,0.1253269463777542,1.0,2.013659954071045,0.7103697657585144,0.47995924949645996,1.0
58,0.0,0.020677223801612854,1.0928888320922852,-0.4285787343978882,1.0,0.10517743974924088,1.211916446685791,-0.3039624094963074,1.0
59,0.0,0.7016105055809021,-0.727181077003479,-1.0628403425216675,0.0,0.8174877762794495,-0.6376534104347229,-0.9888092875480652,0.0
60,0.0,-0.816143810749054,-0.26148343086242676,-0.922198474407196,0.0,-0.6054357886314392,-0.09848952293395996,-0.7239046096801758,0.0
61,0.0,-0.4465988874435425,0.43655532598495483,0.4618697762489319,1.0,-0.2854108214378357,0.5967170000076294,0.6468794941902161,1.0
62,0.0,-0.23163196444511414,0.22122099995613098,0.11772733181715012,0.0,-0.021590543910861015,0.412444531917572,0.3309502601623535,1.0
63,0.0,-0.9280846118927002,-0.6104482412338257,-0.654661238193512,0.0,-0.8046634197235107,-0.5066713094711304,-0.5614094734191895,0.0
64,0.0,-0.9683209657669067,0.7142157554626465,-0.9334266185760498,0.0,-0.6951398253440857,0.9808650612831116,-0.6412134170532227,0.0
65,1.0,0.11048389971256256,0.205556720495224,-0.7924234867095947,0.0,0.44979262351989746,0.4917289912700653,-0.4870181083679199,1.0
66,0.0,-0.5558574795722961,1.5144526958465576,2.0584163665771484,1.0,-0.6249771118164062,1.5622189044952393,2.1063594818115234,1.0
67,1.0,0.6745911836624146,0.37786465883255005,1.1872186660766602,1.0,0.8541780114173889,0.5489361882209778,1.3995060920715332,1.0
68,0.0,0.33555734157562256,0.9894565343856812,1.46391761302948,1.0,0.5469133257865906,1.2181562185287476,1.6444591283798218,1.0
69,1.0,0.5995469093322754,-0.8223714828491211,0.22948287427425385,0.0,0.786461353302002,-0.6611229181289673,0.41126182675361633,1.0
70,0.0,0.7498985528945923,-1.2515376806259155,-0.7654414176940918,0.0,0.9798948168754578,-1.036848545074463,-0.535641610622406,0.0
71,1.0,0.19887669384479523,-0.07518982887268066,-0.6661626696586609,0.0,0.44381698966026306,0.14374952018260956,-0.43502169847488403,1.0
72,1.0,-0.6950868964195251,-0.7797561883926392,-1.19315767288208,0.0,-0.47341451048851013,-0.6008196473121643,-0.9962316751480103,0.0
73,1.0,-0.4728096127510071,-0.9023686051368713,-1.1269047260284424,0.0,-0.10823783278465271,-0.59287029504776,-0.7803524732589722,0.0
74,1.0,0.4674127697944641,0.6402984857559204,-0.13753826916217804,1.0,0.7206753492355347,0.862323522567749,0.09700915217399597,1.0
75,1.0,0.021310284733772278,-0.9258673787117004,-0.4406585395336151,0.0,0.35125070810317993,-0.6001614332199097,-0.09748566150665283,0.0
76,0.0,-0.3993232250213623,-1.0681917667388916,1.4275487661361694,0.0,-0.3780181109905243,-0.9586241841316223,1.5392905473709106,0.0
77,1.0,0.9591142535209656,-0.6206167340278625,-0.15803204476833344,0.0,1.159110188484192,-0.4406162202358246,0.03122922033071518,1.0
78,1.0,0.028257399797439575,-0.9117977619171143,-0.5373003482818604,0.0,0.21505719423294067,-0.7303513288497925,-0.3476676940917969,0.0
79,0.0,-0.7043997645378113,0.8622446656227112,1.3260856866836548,1.0,-0.5720182657241821,1.0410670042037964,1.4872914552688599,1.0
80,0.0,-1.2935408353805542,0.6219754219055176,1.5822255611419678,1.0,-1.1434248685836792,0.8635510802268982,1.7541167736053467,1.0
81,0.0,1.310881495475769,-0.2004130482673645,-0.3618503212928772,1.0,1.3867008686065674,-0.1207849532365799,-0.2702149748802185,1.0
82,1.0,1.9291167259216309,0.7519500851631165,2.5984842777252197,1.0,2.2062745094299316,1.0997741222381592,2.563504934310913,1.0
83,0.0,-0.5993392467498779,-0.7235618233680725,0.022696603089571,0.0,-0.4737774431705475,-0.5909652709960938,0.150298073887825,0.0
84,0.0,0.768519401550293,0.04051726311445236,-1.2159627676010132,0.0,0.9332348108291626,0.15387603640556335,-1.1463123559951782,0.0
85,0.0,0.07089637964963913,-0.22576507925987244,0.8159212470054626,1.0,0.2731291353702545,-0.015887703746557236,1.03928542137146,1.0
86,0.0,-1.342578649520874,-0.6097407341003418,2.6761832237243652,0.0,-1.285382866859436,-0.38453415036201477,2.7967309951782227,1.0
87,0.0,0.0570811927318573,-0.7300596833229065,-0.5063672065734863,0.0,0.28868693113327026,-0.5089747309684753,-0.2668727934360504,0.0
88,0.0,0.6650809049606323,0.122128926217556,0.07907157391309738,1.0,0.7998197078704834,0.2651751637458801,0.23546133935451508,1.0
89,1.0,0.03425837308168411,-0.8988767862319946,0.10903322696685791,0.0,0.21479983627796173,-0.7242264151573181,0.26017510890960693,0.0
90,0.0,-1.133559226989746,-1.1668838262557983,-0.5060988664627075,0.0,-0.8348564505577087,-0.9024497866630554,-0.2249964475631714,0.0
91,0.0,0.5816413164138794,0.4008912444114685,-0.5212261080741882,1.0,0.7304514646530151,0.5359188914299011,-0.3871718645095825,1.0
92,0.0,-0.06195184588432312,-0.32042333483695984,2.9687771797180176,1.0,-0.14121930301189423,-0.32904407382011414,2.963183879852295,1.0
93,1.0,-0.7054023742675781,-0.4853903651237488,-0.9167872071266174,0.0,-0.39575234055519104,-0.21520887315273285,-0.6292290091514587,0.0
94,0.0,-1.3442060947418213,-0.9359228610992432,2.0581092834472656,0.0,-1.2448831796646118,-0.6331836581230164,2.2736101150512695,0.0
95,0.0,-0.35241684317588806,0.6295928955078125,-0.13850975036621094,1.0,-0.22012442350387573,0.7518011927604675,0.012027863413095474,1.0
96,1.0,0.35095852613449097,-1.1538289785385132,-0.25450223684310913,0.0,0.5398834943771362,-0.9718995690345764,-0.07984095811843872,0.0
97,0.0,-0.11792249977588654,-0.4244943857192993,-0.43621814250946045,0.0,-0.004753417335450649,-0.3190377950668335,-0.32037606835365295,0.0
98,0.0,-0.5853667259216309,0.8513590097427368,-0.9581173658370972,0.0,-0.41639307141304016,1.0777919292449951,-0.7539781928062439,1.0
99,1.0,1.3834679126739502,1.7875291109085083,3.1795132160186768,1.0,1.4855272769927979,1.9398688077926636,2.5861384868621826,1.0
100,1.0,-0.6629548072814941,0.8239760398864746,0.11475399136543274,1.0,-0.522293210029602,1.0220125913619995,0.3005724549293518,1.0
101,1.0,-0.18018878996372223,-0.44471675157546997,-0.4029756188392639,0.0,0.021713731810450554,-0.25752782821655273,-0.22998860478401184,0.0
102,1.0,0.1631166636943817,1.1455882787704468,-0.7467474937438965,1.0,0.46297815442085266,1.3896652460098267,-0.47864454984664917,1.0
103,1.0,0.39541110396385193,1.1527975797653198,-0.5230875015258789,1.0,0.5961028337478638,1.3390401601791382,-0.34918108582496643,1.0
104,1.0,-0.5476280450820923,-0.9028705358505249,1.6098898649215698,0.0,-0.42883819341659546,-0.6507366895675659,1.8542426824569702,1.0
105,0.0,-1.2773699760437012,-0.9844257235527039,0.3540457487106323,0.0,-1.2220795154571533,-0.8471565842628479,0.5019835829734802,0.0
106,0.0,3.770888566970825,0.4615803360939026,1.9819951057434082,1.0,4.014881134033203,1.236191749572754,2.6731348037719727,1.0
107,0.0,0.5779776573181152,-0.3502987027168274,0.9852532148361206,1.0,0.6202234029769897,-0.3199251890182495,1.0537818670272827,1.0
108,1.0,1.2425957918167114,-0.7200788855552673,-0.4907231330871582,0.0,1.5245492458343506,-0.4404864013195038,-0.15974044799804688,1.0
109,1.0,0.38355720043182373,2.1670286655426025,-0.06859485805034637,1.0,0.606346845626831,2.3435966968536377,0.2263372540473938,1.0
110,0.0,-0.1938537210226059,0.9668948650360107,-0.766821026802063,1.0,-0.1315898448228836,1.0782829523086548,-0.6611617207527161,1.0
111,1.0,-0.7880468368530273,-0.3004969656467438,-0.25938358902931213,0.0,-0.5885609984397888,-0.09973223507404327,-0.07119029760360718,0.0
112,0.0,-0.6311740279197693,0.12337373197078705,-0.9544058442115784,0.0,-0.4111937880516052,0.3361576497554779,-0.7234491109848022,0.0
113,1.0,0.5102382302284241,0.5587959885597229,1.1067193746566772,1.0,0.6405239701271057,0.7025879621505737,1.2582356929779053,1.0
114,0.0,-1.2290393114089966,-1.2728157043457031,-0.5768494606018066,0.0,-0.9286947846412659,-1.0084730386734009,-0.2964058220386505,0.0
115,0.0,0.07414012402296066,1.7683436870574951,-0.8538933396339417,1.0,0.1443023681640625,1.870375633239746,-0.7683412432670593,1.0
116,0.0,-0.2886180877685547,0.25744983553886414,2.7322020530700684,1.0,-0.43317246437072754,0.16697630286216736,2.6737170219421387,1.0
117,0.0,0.12934941053390503,-0.9183175563812256,-0.2654215693473816,0.0,0.21405117213726044,-0.8263199329376221,-0.1845158040523529,0.0
118,1.0,1.7340153455734253,0.08026987314224243,0.9202172756195068,1.0,1.9982143640518188,0.3732823431491852,1.259985327720642,1.0
119,0.0,-0.3277908265590668,0.0778159499168396,-0.08725477755069733,0.0,-0.10348346084356308,0.276638925075531,0.13659065961837769,1.0
120,0.0,0.5283031463623047,-0.5954087376594543,-0.015128390863537788,0.0,0.738168478012085,-0.3811645805835724,0.2111334353685379,1.0
121,0.0,-0.8352034091949463,-0.015515878796577454,-1.1564724445343018,0.0,-0.5988886952400208,0.2051369547843933,-0.9101064205169678,0.0
122,0.0,-0.7617670893669128,1.578514814376831,-0.00048565492033958435,1.0,-0.5315288305282593,1.7473907470703125,0.2150283306837082,1.0
123,1.0,0.6916714906692505,-1.0162585973739624,-0.5621140003204346,0.0,0.9999752044677734,-0.7213967442512512,-0.25416532158851624,0.0
124,1.0,0.35536375641822815,0.4778750538825989,0.2194163203239441,1.0,0.5863398313522339,0.7135457396507263,0.4660021662712097,1.0
125,0.0,2.279369831085205,-1.2042109966278076,-0.4860643744468689,1.0,2.4572203159332275,-0.9855918288230896,-0.24272526800632477,1.0
126,0.0,-0.5657466053962708,2.173529624938965,0.04047892615199089,1.0,-0.14863049983978271,2.3636417388916016,0.42522791028022766,1.0
127,0.0,0.08596909791231155,-0.09129233658313751,-0.1526041030883789,0.0,0.17067213356494904,-0.0007754527032375336,-0.07016497850418091,0.0
128,0.0,-0.8614906668663025,-1.2895725965499878,-0.7533526420593262,0.0,-0.5727611780166626,-1.0401968955993652,-0.4855341613292694,0.0
129,0.0,-0.09479531645774841,1.6933975219726562,0.46689465641975403,1.0,0.04414710775017738,1.8162022829055786,0.6402297019958496,1.0
130,1.0,0.08318452537059784,-0.48456358909606934,0.147231787443161,0.0,0.2513968348503113,-0.3078655004501343,0.32551121711730957,0.0
131,0.0,0.23470401763916016,-0.9927153587341309,-1.1071112155914307,0.0,0.348833292722702,-0.9022496938705444,-1.0239201784133911,0.0
132,0.0,-1.2036372423171997,-0.41989147663116455,-1.424181342124939,0.0,-0.8766584992408752,-0.14590021967887878,-1.1171308755874634,0.0
133,0.0,-0.7180466651916504,-0.3674568235874176,-0.9390081763267517,0.0,-0.4162502884864807,-0.10874341428279877,-0.6568480730056763,0.0
134,0.0,-0.9558535218238831,-1.3091228008270264,0.01999620348215103,0.0,-0.8604033589363098,-1.1813277006149292,0.13126519322395325,0.0
135,0.0,-1.2263942956924438,-1.0453743934631348,-0.8879082202911377,0.0,-0.9816886782646179,-0.8570929765701294,-0.6834548711776733,0.0
136,1.0,1.4115910530090332,-0.3986526429653168,0.08382561802864075,1.0,1.6622029542922974,-0.11724868416786194,0.36509987711906433,1.0
137,0.0,-0.9895086884498596,1.0231435298919678,-0.08491070568561554,1.0,-0.7454719543457031,1.2344970703125,0.1616770178079605,1.0
138,1.0,2.2827956676483154,1.3902195692062378,1.180202841758728,1.0,2.4082820415496826,1.607244849205017,1.4509227275848389,1.0
139,0.0,-0.8091129064559937,0.22655253112316132,-0.5622917413711548,0.0,-0.5583992600440979,0.44225484132766724,-0.31800776720046997,0.0
140,1.0,-0.6804520487785339,-1.1968133449554443,0.6297171115875244,0.0,-0.5530189275741577,-1.0001780986785889,0.8242834210395813,0.0
141,1.0,0.46292275190353394,0.4690053462982178,0.5034691691398621,1.0,0.6676764488220215,0.6803641319274902,0.7236762046813965,1.0
142,1.0,0.9108078479766846,1.0239880084991455,0.09101014584302902,1.0,1.1991780996322632,1.2448322772979736,0.3421826958656311,1.0
143,1.0,-0.44424062967300415,-0.47320806980133057,-0.4310428500175476,0.0,-0.25241678953170776,-0.2915772497653961,-0.24801243841648102,0.0
144,1.0,1.48084557056427,0.8828026652336121,-0.8756049871444702,1.0,1.847307801246643,1.0300571918487549,-0.6765286922454834,1.0
145,1.0,-0.014709249138832092,0.830412745475769,-0.2498784363269806,1.0,0.21846847236156464,1.078192114830017,0.011986549943685532,1.0
146,0.0,-0.33490365743637085,0.8645541071891785,-1.0532357692718506,0.0,-0.2466057986021042,1.010101079940796,-0.9210782647132874,1.0
147,0.0,-0.9779407382011414,-1.1086586713790894,-0.4538726806640625,0.0,-0.855419933795929,-0.9831196665763855,-0.3676662743091583,0.0
148,0.0,-0.06262126564979553,-0.05471956729888916,0.030772311612963676,0.0,0.14286696910858154,0.14261525869369507,0.24688537418842316,1.0
149,1.0,1.840416431427002,-0.13101166486740112,-1.24299955368042,1.0,2.0392253398895264,0.06785368919372559,-1.0438991785049438,1.0
150,1.0,-0.536652147769928,0.3147122859954834,-0.4358711242675781,0.0,-0.3734648823738098,0.4906294643878937,-0.27682942152023315,0.0
151,0.0,0.23418229818344116,0.45381900668144226,1.7370519638061523,1.0,0.41266366839408875,0.674330472946167,1.945615291595459,1.0
152,0.0,-0.7382328510284424,0.22389569878578186,-0.40069568157196045,0.0,-0.6261816620826721,0.32368797063827515,-0.2866545617580414,0.0
153,1.0,-0.20156675577163696,-0.740554690361023,1.429766058921814,0.0,-0.03665425255894661,-0.5220020413398743,1.6751989126205444,1.0
154,0.0,0.006346940994262695,-0.3426561951637268,-1.4597806930541992,0.0,0.14553752541542053,-0.26593536138534546,-1.3651973009109497,0.0
155,1.0,-0.1198156476020813,-0.07658685743808746,-0.675174355506897,0.0,0.08334396779537201,0.10188783705234528,-0.4919990599155426,0.0
156,1.0,-0.4892217516899109,2.608458995819092,0.948796808719635,1.0,0.03897515684366226,2.8267698287963867,1.2649915218353271,1.0
157,1.0,-0.21637937426567078,0.8544362783432007,-0.4367872476577759,1.0,-0.05412476137280464,1.0508686304092407,-0.24981942772865295,1.0
158,1.0,1.7324661016464233,-0.058656275272369385,-0.40914905071258545,1.0,1.9215916395187378,0.16124765574932098,-0.16976451873779297,1.0
159,0.0,-0.9572661519050598,-0.8987659811973572,-0.6966585516929626,0.0,-0.6760813593864441,-0.6632651686668396,-0.4413984417915344,0.0
160,0.0,-1.2529935836791992,-0.7029292583465576,-0.9537515640258789,0.0,-1.109174370765686,-0.6133226156234741,-0.8565248847007751,0.0
161,1.0,1.2883585691452026,-0.13168606162071228,-0.7972216606140137,1.0,1.5267367362976074,0.12488454580307007,-0.5740196704864502,1.0
162,0.0,-0.7967509031295776,-0.30532562732696533,0.26269522309303284,0.0,-0.7255115509033203,-0.19763146340847015,0.382770299911499,0.0
163,0.0,-0.30289867520332336,-0.04562494158744812,-0.024020250886678696,0.0,-0.09018022567033768,0.15224415063858032,0.1939864307641983,1.0
164,1.0,-1.1753736734390259,-0.8718510270118713,-0.9944267272949219,0.0,-0.7739542126655579,-0.5179108381271362,-0.6253063082695007,0.0
165,1.0,0.2578471899032593,1.6504552364349365,-0.4068489670753479,1.0,0.5012049078941345,1.8690823316574097,-0.15306521952152252,1.0
166,1.0,1.4324135780334473,0.6940329074859619,-1.0100913047790527,1.0,1.7808618545532227,0.8374384045600891,-0.8206299543380737,1.0
167,0.0,0.5427853465080261,0.2665906548500061,-0.2475607991218567,1.0,0.6140004396438599,0.340523362159729,-0.17158886790275574,1.0
168,1.0,0.23404689133167267,-0.5978378057479858,-0.36588186025619507,0.0,0.4223652482032776,-0.41459736227989197,-0.1814010739326477,0.0
169,1.0,-0.9808430671691895,-0.2591254413127899,0.359946072101593,0.0,-0.8252708315849304,-0.03187404200434685,0.6014010906219482,0.0
170,0.0,-0.7124732136726379,0.23247110843658447,1.4481028318405151,1.0,-0.6376484036445618,0.36985287070274353,1.5482959747314453,1.0
171,1.0,0.964625895023346,-0.4045352339744568,-0.28462451696395874,0.0,1.154516339302063,-0.21586991846561432,-0.0920841246843338,1.0
172,0.0,-0.7544431686401367,-0.5224714875221252,-0.7815936803817749,0.0,-0.5440701246261597,-0.3567159175872803,-0.5871090292930603,0.0
173,0.0,-0.46504291892051697,-1.2674102783203125,-0.5958211421966553,0.0,-0.1940302550792694,-1.0135260820388794,-0.32039105892181396,0.0
174,1.0,-0.20278286933898926,1.7336199283599854,0.43493229150772095,1.0,0.04177679494023323,1.9709701538085938,0.6759543418884277,1.0
175,0.0,-0.7491440773010254,-0.6290575265884399,-1.3806926012039185,0.0,-0.6192635893821716,-0.5330821871757507,-1.2786426544189453,0.0
176,1.0,-0.682437539100647,-1.5044385194778442,0.3001025915145874,0.0,-0.56227046251297,-1.3086373805999756,0.46676942706108093,0.0
177,1.0,-0.0676296204328537,-1.0969314575195312,-1.3373862504959106,0.0,0.329062819480896,-0.7687036395072937,-0.9720752239227295,0.0
178,0.0,-0.7911018133163452,1.0862828493118286,1.2075194120407104,1.0,-0.6676082611083984,1.2909618616104126,1.381201982498169,1.0
179,1.0,0.20520848035812378,0.13227131962776184,-0.4084489345550537,0.0,0.5146129131317139,0.41849008202552795,-0.11044575273990631,1.0
180,0.0,0.30809515714645386,0.4689098596572876,1.5756099224090576,1.0,0.3922364115715027,0.5851491689682007,1.6966307163238525,1.0
181,1.0,-0.17744113504886627,-0.032722532749176025,0.9632160663604736,1.0,0.008452227339148521,0.20462457835674286,1.2142703533172607,1.0
182,1.0,-0.16552980244159698,1.8386982679367065,0.21579082310199738,1.0,0.08743324875831604,2.0636134147644043,0.4560109078884125,1.0
183,1.0,1.1403933763504028,1.2918111085891724,-0.7478311657905579,1.0,1.4615049362182617,1.4487260580062866,-0.5772759318351746,1.0
184,1.0,0.736451268196106,-1.3432238101959229,-0.48165637254714966,0.0,0.9480108022689819,-1.149085521697998,-0.26659461855888367,0.0
185,0.0,0.6073716878890991,-0.4351387917995453,0.2657914459705353,1.0,0.6869934797286987,-0.37352773547172546,0.33260586857795715,1.0
186,0.0,-1.2131911516189575,0.0005727708339691162,-0.42979443073272705,0.0,-0.9283940196037292,0.234106183052063,-0.1715807169675827,0.0
187,1.0,-0.06572108715772629,1.5069183111190796,0.5452730655670166,1.0,0.06839364767074585,1.6988168954849243,0.7540545463562012,1.0
188,1.0,-0.5108211636543274,0.564166784286499,-0.9758878946304321,0.0,-0.305370032787323,0.8125865459442139,-0.7505388259887695,0.0
189,1.0,0.33977434039115906,2.6047284603118896,-0.0274556502699852,1.0,0.5811946988105774,2.723956823348999,0.2905592620372772,1.0
190,1.0,-0.06084628403186798,-0.9377759695053101,-0.07801798731088638,0.0,0.12002754211425781,-0.7540203332901001,0.09265288710594177,0.0
191,0.0,1.6862425804138184,-0.06431908905506134,-0.6912647485733032,1.0,1.7590882778167725,0.01697671413421631,-0.5637147426605225,1.0
192,0.0,-1.000634789466858,-1.3823552131652832,-0.7116453647613525,0.0,-0.6898109912872314,-1.1131408214569092,-0.4229036271572113,0.0
193,0.0,-1.139081597328186,-0.3839038610458374,-1.136247158050537,0.0,-0.8829246163368225,-0.1952674835920334,-0.9081507921218872,0.0
194,0.0,0.3519938886165619,0.6444397568702698,-0.728990375995636,1.0,0.49402934312820435,0.7709465026855469,-0.5946922302246094,1.0
195,0.0,-0.4226401448249817,0.14212532341480255,-0.08947233855724335,0.0,-0.32036444544792175,0.2374558299779892,-0.003975339233875275,0.0
196,0.0,2.6708972454071045,0.14115232229232788,1.7488303184509277,1.0,2.9971015453338623,0.6159480810165405,2.1127636432647705,1.0
197,0.0,0.6861564517021179,0.9242854118347168,-0.3372727334499359,1.0,0.8709571957588196,1.0682272911071777,-0.20504596829414368,1.0
198,0.0,-0.3193007707595825,2.741976022720337,2.1128687858581543,1.0,-0.02876436337828636,2.8615517616271973,2.3446950912475586,1.0
199,1.0,0.5114467740058899,1.4936168193817139,1.7560007572174072,1.0,0.7960107922554016,1.697023630142212,1.9658513069152832,1.0
200,1.0,0.6464719176292419,0.6818045377731323,2.3202810287475586,1.0,0.800956666469574,0.870323121547699,2.4216959476470947,1.0
201,0.0,-0.9506439566612244,-0.380609929561615,-0.4638679325580597,0.0,-0.7443994283676147,-0.21370629966259003,-0.2791864573955536,0.0
202,1.0,0.2556600868701935,1.5999550819396973,0.014047393575310707,1.0,0.44859185814857483,1.7975136041641235,0.23759888112545013,1.0
203,1.0,0.6667819023132324,-0.0743066743016243,-0.8500650525093079,0.0,0.9708048701286316,0.2108488827943802,-0.5936944484710693,1.0
204,0.0,-0.3537219166755676,0.6362640857696533,-0.6223567724227905,0.0,-0.20525199174880981,0.8204207420349121,-0.44453081488609314,1.0
205,1.0,0.04602448642253876,1.2286951541900635,0.01957801729440689,1.0,0.2583566904067993,1.459543228149414,0.25616148114204407,1.0
206,1.0,1.8692444562911987,-0.45850473642349243,-0.5121066570281982,1.0,2.080646276473999,-0.2015254646539688,-0.2187286764383316,1.0
207,0.0,1.4627130031585693,1.2545663118362427,-0.5381873250007629,1.0,1.6256393194198608,1.3180291652679443,-0.542290985584259,1.0
208,1.0,0.30098313093185425,-0.44580456614494324,-0.8302006721496582,0.0,0.5011952519416809,-0.27250537276268005,-0.6471384763717651,0.0
209,0.0,1.6671842336654663,0.8599340915679932,1.3092079162597656,1.0,1.8132283687591553,0.9946690797805786,1.4769150018692017,1.0
210,0.0,-1.3172314167022705,0.6353017687797546,1.5400582551956177,1.0,-1.155350923538208,0.8885947465896606,1.726496696472168,1.0
211,0.0,-0.8136138916015625,-0.5733557939529419,2.5266575813293457,1.0,-0.8110350966453552,-0.406243234872818,2.635937213897705,1.0
212,0.0,0.0997544676065445,1.922410011291504,1.6827476024627686,1.0,0.09141366183757782,1.994033694267273,1.875931739807129,1.0
213,1.0,0.06890842318534851,-1.0410470962524414,-1.115659475326538,0.0,0.3487025499343872,-0.7957801222801208,-0.849328339099884,0.0
214,1.0,-0.8123608827590942,1.2901945114135742,1.229737639427185,1.0,-0.5112370252609253,1.6714555025100708,1.5794041156768799,1.0
215,0.0,-0.2428576499223709,-1.1720538139343262,-1.248514175415039,0.0,-0.10381652414798737,-1.0665758848190308,-1.1260967254638672,0.0
216,1.0,-0.08562609553337097,-0.03033563494682312,-0.3810558617115021,0.0,0.08666688948869705,0.1282424032688141,-0.2418147623538971,0.0
217,0.0,-0.06884709745645523,1.023189663887024,0.21437165141105652,1.0,0.07450598478317261,1.1672561168670654,0.38897866010665894,1.0
218,0.0,0.005862797610461712,0.6152142882347107,-0.012206679210066795,1.0,0.06991522014141083,0.6950682997703552,0.08071312308311462,1.0
219,0.0,-0.8791106939315796,0.2924402952194214,-1.1706794500350952,0.0,-0.7502496242523193,0.44106799364089966,-1.0046911239624023,0.0
220,0.0,0.1238693967461586,-0.8818472623825073,-0.958791971206665,0.0,0.2245175987482071,-0.7949085235595703,-0.8786525726318359,0.0
221,0.0,0.23247045278549194,-1.326928973197937,-0.30091485381126404,0.0,0.46458426117897034,-1.0942150354385376,-0.05615057423710823,0.0
222,1.0,0.363301545381546,0.5188771486282349,-0.5282979011535645,1.0,0.6471350193023682,0.754865288734436,-0.2766062021255493,1.0
223,0.0,0.2549406588077545,-0.4363411068916321,2.7216427326202393,1.0,0.28945547342300415,-0.317844420671463,2.815156936645508,1.0
224,0.0,0.07503166794776917,-0.47267597913742065,-0.5747264623641968,0.0,0.2881140410900116,-0.2741999924182892,-0.3612847328186035,0.0
225,1.0,0.8202970027923584,-0.7238510847091675,-0.5134971737861633,0.0,1.0216600894927979,-0.5414867401123047,-0.32070690393447876,0.0
226,1.0,-0.07987049967050552,-0.42293524742126465,-0.8387282490730286,0.0,0.11164099723100662,-0.2644980549812317,-0.6834750771522522,0.0
227,1.0,-1.1938918828964233,-1.0594209432601929,-0.7473183870315552,0.0,-0.9730931520462036,-0.8509777188301086,-0.5514377355575562,0.0
228,1.0,-0.8338325023651123,-0.8729991912841797,-0.9951622486114502,0.0,-0.6121247410774231,-0.6787804961204529,-0.8061539530754089,0.0
229,1.0,2.1776952743530273,-1.0912145376205444,-0.7111700177192688,0.0,2.4017562866210938,-0.8482486009597778,-0.3994556963443756,1.0
230,0.0,1.1708717346191406,-1.0025758743286133,-0.6546303033828735,0.0,1.3541980981826782,-0.8270006775856018,-0.441585898399353,0.0
231,0.0,-0.015049785375595093,-0.4214279055595398,-0.244509756565094,0.0,0.23006321489810944,-0.18444712460041046,0.017247959971427917,0.0
232,0.0,1.1673246622085571,0.3553139567375183,1.1408116817474365,1.0,1.2815912961959839,0.4381695091724396,1.2444897890090942,1.0
233,0.0,-0.6112045645713806,0.8864513039588928,0.17956265807151794,1.0,-0.3962894678115845,1.083593726158142,0.39414796233177185,1.0
234,0.0,-0.7119354009628296,-0.9037266373634338,2.4971842765808105,1.0,-0.6388990879058838,-0.602679431438446,2.7070209980010986,1.0
235,1.0,1.8217695951461792,1.5472720861434937,2.8683857917785645,1.0,2.0362043380737305,1.8142749071121216,2.7958672046661377,1.0
236,0.0,-0.7213915586471558,0.3946656584739685,-0.4006573259830475,0.0,-0.47384577989578247,0.6149320006370544,-0.16233929991722107,0.0
237,0.0,0.4542158544063568,-0.5314754843711853,-1.1049998998641968,0.0,0.6857427358627319,-0.33859410881996155,-0.9079151153564453,0.0
238,0.0,-1.0557878017425537,0.3402549922466278,-0.7108485102653503,0.0,-0.7543639540672302,0.6081379055976868,-0.42583101987838745,0.0
239,1.0,-0.3461250960826874,1.100778579711914,0.540839672088623,1.0,-0.0699767991900444,1.3778878450393677,0.8080949187278748,1.0
240,0.0,-0.772430419921875,-0.8245354294776917,-0.3022463023662567,0.0,-0.5064314603805542,-0.5822093486785889,-0.046589672565460205,0.0
241,1.0,-0.8654437065124512,-0.3862075209617615,-0.49415481090545654,0.0,-0.4941958487033844,-0.04771072044968605,-0.14723773300647736,0.0
242,0.0,-0.8723515868186951,-1.1444755792617798,-0.10342907160520554,0.0,-0.5985485315322876,-0.8729391098022461,0.17564566433429718,0.0
243,0.0,-1.3694401979446411,-0.14266186952590942,-0.7600047588348389,0.0,-1.206746220588684,-0.030730221420526505,-0.6312685608863831,0.0
244,0.0,-1.2305094003677368,1.7414911985397339,2.014451742172241,1.0,-1.064508080482483,1.9909560680389404,2.1747000217437744,1.0
245,1.0,-0.7804769277572632,1.5749017000198364,-0.8850699663162231,1.0,-0.0017255173297598958,1.98940908908844,-0.2515711486339569,1.0
246,1.0,-0.15422827005386353,-0.9083937406539917,-0.7668071985244751,0.0,0.047616247087717056,-0.7217209339141846,-0.5659657716751099,0.0
247,0.0,-0.7443377375602722,-1.0615960359573364,-0.9523951411247253,0.0,-0.4550303816795349,-0.8222383856773376,-0.6804985404014587,0.0
248,1.0,0.4979187250137329,-0.44798827171325684,-0.696587324142456,0.0,0.6928068995475769,-0.27259504795074463,-0.5213173031806946,0.0
249,1.0,0.5670490860939026,-0.809404730796814,-0.4709923565387726,0.0,0.7571892142295837,-0.6432727575302124,-0.3063054382801056,0.0
250,0.0,-0.7876686453819275,-0.6409294605255127,-0.7984206676483154,0.0,-0.5130549073219299,-0.41587474942207336,-0.5422731637954712,0.0
251,1.0,-0.5697726607322693,0.4670127034187317,0.2534366250038147,1.0,-0.3727961480617523,0.6874549984931946,0.474618524312973,1.0
252,0.0,-1.0691304206848145,-0.752866804599762,0.13004663586616516,0.0,-0.9917531609535217,-0.6336945295333862,0.26056647300720215,0.0
253,0.0,-0.4973325729370117,0.05011893808841705,-0.20667603611946106,0.0,-0.39862197637557983,0.147954523563385,-0.11017255485057831,0.0
254,1.0,1.835870385169983,-0.5308520793914795,-0.8235577940940857,1.0,2.0435307025909424,-0.2880708575248718,-0.5568768978118896,1.0
255,0.0,2.003814220428467,0.1542780101299286,1.4110926389694214,1.0,2.2071738243103027,0.3619776666164398,1.625020980834961,1.0
256,1.0,0.43085262179374695,0.5168636441230774,2.0697386264801025,1.0,0.6788299083709717,0.7959378361701965,2.318709135055542,1.0
257,1.0,0.2781853675842285,-0.33758285641670227,-0.5178227424621582,0.0,0.4701831638813019,-0.15780410170555115,-0.3313712477684021,0.0
258,0.0,2.6765520572662354,-0.830734133720398,-0.506252646446228,1.0,2.7950804233551025,-0.5765244364738464,-0.25697246193885803,1.0
259,0.0,-1.319011926651001,1.1381642818450928,1.3082411289215088,1.0,-0.9847918152809143,1.5118482112884521,1.6434285640716553,1.0
260,1.0,0.9424719214439392,2.0748791694641113,3.530665159225464,1.0,0.9052411317825317,2.2709925174713135,2.7235591411590576,1.0
261,0.0,-0.9903250932693481,0.40579164028167725,1.0607794523239136,1.0,-0.8967692852020264,0.5736867785453796,1.2097997665405273,1.0
262,1.0,2.8219523429870605,0.6753858327865601,2.1186044216156006,1.0,3.2001755237579346,1.2779425382614136,2.546412467956543,1.0
263,0.0,-0.7687127590179443,-0.7515029311180115,-1.2230843305587769,0.0,-0.541327714920044,-0.5832416415214539,-1.0125632286071777,0.0
264,0.0,0.1184069812297821,-0.8156139850616455,1.3778223991394043,1.0,0.1812622845172882,-0.7333057522773743,1.4831058979034424,1.0
265,0.0,-0.6649273037910461,-0.8002028465270996,-0.15371468663215637,0.0,-0.5586580038070679,-0.6854726076126099,-0.07004117965698242,0.0
266,1.0,-0.23790886998176575,-0.8292621970176697,-0.26227301359176636,0.0,-0.04710662364959717,-0.6411225199699402,-0.09320828318595886,0.0
267,1.0,-1.1901315450668335,-0.8395228981971741,-0.8577425479888916,0.0,-0.9615144729614258,-0.6409452557563782,-0.6588236689567566,0.0
268,1.0,0.9679703712463379,0.6666090488433838,1.751299262046814,1.0,1.1716148853302002,0.8587666749954224,1.9759629964828491,1.0
269,1.0,1.9821077585220337,0.1781822293996811,-0.0740896463394165,1.0,2.170624017715454,0.4509749710559845,0.20813588798046112,1.0
270,0.0,-0.6669852137565613,0.32532283663749695,-0.3785337805747986,0.0,-0.4017929136753082,0.5591148138046265,-0.13407868146896362,0.0
271,1.0,-0.03372824192047119,-0.8126617074012756,-0.020350400358438492,0.0,0.1424122452735901,-0.6299437880516052,0.159056156873703,0.0
272,1.0,1.7863761186599731,1.8928953409194946,-0.08039198815822601,1.0,2.0432400703430176,1.9477685689926147,0.08079391717910767,1.0
273,1.0,0.47466588020324707,-0.6698032021522522,-0.5412086248397827,0.0,0.6743414998054504,-0.4843941926956177,-0.35248228907585144,0.0
274,0.0,-0.5343300104141235,-0.6362694501876831,-0.05359106510877609,0.0,-0.28350183367729187,-0.3948235809803009,0.20214180648326874,0.0
275,1.0,-0.1462027132511139,2.3369569778442383,2.0988683700561523,1.0,-0.03863530978560448,2.448096752166748,2.3018457889556885,1.0
276,1.0,0.5257200002670288,-0.3244611322879791,0.21000860631465912,1.0,0.7078089118003845,-0.14427559077739716,0.39986085891723633,1.0
277,1.0,0.3563182055950165,-0.4939866065979004,-0.9726728200912476,0.0,0.5740907788276672,-0.326072096824646,-0.7951972484588623,0.0
278,1.0,0.20483645796775818,-0.5622691512107849,-0.3618015944957733,0.0,0.5130093693733215,-0.255750447511673,-0.04081850126385689,0.0
279,0.0,-0.9043371677398682,-0.22098830342292786,-0.6183048486709595,0.0,-0.7075424790382385,-0.07100240886211395,-0.44320520758628845,0.0
280,1.0,-0.34384727478027344,-0.45154935121536255,-0.9340269565582275,0.0,-0.0730791911482811,-0.22172926366329193,-0.6770926713943481,0.0
281,1.0,0.8843401074409485,0.019936561584472656,0.6492484211921692,1.0,1.1346018314361572,0.2714294195175171,0.9375761151313782,1.0
282,1.0,0.90911865234375,-0.9137624502182007,0.0829714983701706,0.0,1.1067301034927368,-0.7475733160972595,0.28109219670295715,1.0
283,1.0,2.4486513137817383,-0.8387998938560486,-0.33031120896339417,1.0,2.7033541202545166,-0.4691997170448303,0.09125527739524841,1.0
284,0.0,-0.06849180161952972,0.34117013216018677,-0.5780792236328125,0.0,0.029483787715435028,0.436922550201416,-0.48412030935287476,0.0
285,0.0,-1.0785366296768188,-0.8879066705703735,-0.598725438117981,0.0,-0.9528190493583679,-0.7783880829811096,-0.5055872201919556,0.0
286,1.0,-0.453487753868103,-0.6169202923774719,0.12051458656787872,0.0,-0.12144889682531357,-0.2821744978427887,0.4635680317878723,0.0
287,0.0,-1.2010772228240967,-0.8853496313095093,0.9551419615745544,0.0,-1.181309461593628,-0.7484862208366394,1.0842633247375488,0.0
288,0.0,0.11530384421348572,1.6662462949752808,-0.943446934223175,1.0,0.26681214570999146,1.7967652082443237,-0.764055073261261,1.0
289,0.0,-0.8422238826751709,0.5579284429550171,-0.6426584720611572,0.0,-0.7269850969314575,0.6983810067176819,-0.4958854019641876,0.0
290,0.0,-0.8097315430641174,-0.672897219657898,0.5014395713806152,0.0,-0.7543255686759949,-0.5527254343032837,0.6366444826126099,0.0
291,0.0,-0.12198895961046219,-0.6113790273666382,-0.29482680559158325,0.0,-0.03479883074760437,-0.5170704126358032,-0.21299868822097778,0.0
292,1.0,-0.2165854573249817,1.0440493822097778,-0.8000507354736328,1.0,0.06624916940927505,1.3658078908920288,-0.5306892395019531,1.0
293,1.0,0.3284589946269989,-0.04832756519317627,0.5050297975540161,1.0,0.4722177982330322,0.09420254826545715,0.6433305740356445,1.0
294,1.0,1.0458303689956665,-1.252755880355835,-0.5442352294921875,0.0,1.3593944311141968,-0.9558801054954529,-0.19807752966880798,0.0
295,0.0,-0.265323668718338,-1.0268748998641968,0.024410370737314224,0.0,-0.15194688737392426,-0.8987107872962952,0.14820228517055511,0.0
296,1.0,1.0016316175460815,-1.3937656879425049,1.196871280670166,0.0,1.2298965454101562,-1.2350177764892578,1.4089922904968262,1.0
297,1.0,-0.046822912991046906,-1.0393197536468506,-0.49548494815826416,0.0,0.23695646226406097,-0.7582786679267883,-0.20311889052391052,0.0
298,1.0,-0.6469789743423462,0.9843685626983643,-1.0470657348632812,0.0,-0.15388980507850647,1.3909317255020142,-0.5964945554733276,1.0
299,1.0,0.9716982841491699,-0.9223595857620239,1.1077964305877686,1.0,1.1556748151779175,-0.8458318114280701,1.2868074178695679,1.0
300,1.0,2.4779675006866455,1.310193419456482,1.6229524612426758,1.0,2.593858480453491,1.5483689308166504,2.0362415313720703,1.0
301,1.0,1.3859663009643555,-0.8667106628417969,2.217864513397217,1.0,1.7217050790786743,-0.35223594307899475,2.504016637802124,1.0
302,1.0,1.7803850173950195,0.3922233283519745,0.04748231917619705,1.0,1.9692779779434204,0.6298149228096008,0.3081170320510864,1.0
303,0.0,-0.26338356733322144,-0.9473412036895752,-0.8362720608711243,0.0,-0.16120202839374542,-0.8496081829071045,-0.7472199201583862,0.0
304,0.0,0.3841951787471771,2.1816513538360596,2.2026355266571045,1.0,0.2668841481208801,2.144710063934326,2.393364429473877,1.0
305,0.0,-0.003751397132873535,-0.4712691307067871,-0.308700829744339,0.0,0.08118359744548798,-0.38367703557014465,-0.2209475189447403,0.0
306,0.0,-1.1334140300750732,-0.9125834703445435,-1.0329248905181885,0.0,-0.8660123944282532,-0.7077260613441467,-0.8022974729537964,0.0
307,1.0,2.519580602645874,1.4850612878799438,0.5351647734642029,1.0,2.7508673667907715,1.5594182014465332,0.9155407547950745,1.0
308,1.0,0.9563489556312561,0.7895837426185608,3.08467960357666,1.0,1.119156837463379,1.0056183338165283,2.7415449619293213,1.0
309,0.0,1.9482494592666626,2.349738597869873,1.8102213144302368,1.0,1.8563511371612549,2.3194122314453125,1.9182898998260498,1.0
310,1.0,1.9168117046356201,-1.1883180141448975,-1.0387685298919678,0.0,2.132469892501831,-0.9931308627128601,-0.786309540271759,0.0
311,1.0,-0.02508491277694702,1.1006488800048828,-0.047085635364055634,1.0,0.11948561668395996,1.2818026542663574,0.1349908858537674,1.0
312,0.0,-0.5776811838150024,-0.8322045207023621,-0.8340075612068176,0.0,-0.29819151759147644,-0.5988167524337769,-0.5664137005805969,0.0
313,1.0,-0.7886435985565186,1.1908847093582153,-1.2008785009384155,0.0,-0.05262462794780731,1.64376699924469,-0.539304256439209,1.0
314,0.0,1.1066672801971436,1.5603702068328857,-0.33146682381629944,1.0,1.2106730937957764,1.706397533416748,-0.27271977066993713,1.0
315,0.0,-1.1119354963302612,-1.0631264448165894,-0.8761959075927734,0.0,-0.8995897769927979,-0.901118814945221,-0.7006287574768066,0.0
316,1.0,-0.6143208742141724,-0.23108695447444916,0.21515347063541412,0.0,-0.43438801169395447,-0.034246768802404404,0.40864065289497375,0.0
317,1.0,0.3381931185722351,0.6851484179496765,-0.2933025360107422,1.0,0.593524158000946,0.9053956866264343,-0.046487241983413696,1.0
318,0.0,-0.9104341268539429,-0.06044816970825195,-0.6965453624725342,0.0,-0.6466549038887024,0.1549190878868103,-0.4504861831665039,0.0
319,1.0,0.404838889837265,-0.6234534382820129,-0.36462950706481934,0.0,0.7255520820617676,-0.30557727813720703,-0.03591081500053406,1.0
320,0.0,0.285033255815506,0.4767233729362488,1.859724760055542,1.0,0.39452943205833435,0.6299291253089905,1.9943145513534546,1.0
321,0.0,-0.2097277045249939,-0.8404855728149414,-0.6963315010070801,0.0,-0.10826179385185242,-0.7423624992370605,-0.6132404208183289,0.0
322,1.0,1.9677903652191162,0.6239843368530273,2.2966959476470947,1.0,2.261855125427246,0.9246094822883606,2.354611873626709,1.0
323,1.0,-0.9382119178771973,0.3326312005519867,0.48619693517684937,0.0,-0.7649685740470886,0.5778406858444214,0.7466983199119568,1.0
324,0.0,-1.2548695802688599,0.2700999975204468,2.602874755859375,1.0,-1.2893093824386597,0.2927877902984619,2.579375743865967,1.0
325,0.0,-1.0091053247451782,0.1814185529947281,-0.4423864781856537,0.0,-0.8822214603424072,0.28695985674858093,-0.32223930954933167,0.0
326,1.0,0.7566126585006714,0.18502837419509888,-0.6754823923110962,1.0,1.062235713005066,0.47086775302886963,-0.43287456035614014,1.0
327,1.0,-0.15400239825248718,-0.9238706827163696,-0.4004679024219513,0.0,0.036841098219156265,-0.7375226616859436,-0.23019102215766907,0.0
328,0.0,-0.5304582118988037,0.837994396686554,0.9223045110702515,1.0,-0.47116923332214355,0.9528332352638245,1.0431771278381348,1.0
329,0.0,-0.027421079576015472,-0.29366549849510193,0.435229629278183,0.0,0.047733746469020844,-0.20046888291835785,0.5123986005783081,0.0
330,0.0,0.047053366899490356,-0.732010006904602,-0.24742139875888824,0.0,0.16491614282131195,-0.6112195253372192,-0.12542463839054108,0.0
331,1.0,-0.3681144118309021,-0.1368212252855301,-0.8514363765716553,0.0,-0.01706651598215103,0.16744881868362427,-0.5242285132408142,0.0
332,1.0,-0.10295127332210541,0.4188035726547241,-0.5029438734054565,0.0,0.08434026688337326,0.6124837398529053,-0.3082861304283142,1.0
333,0.0,2.5649921894073486,1.1188833713531494,2.643895387649536,1.0,2.5817458629608154,1.3743935823440552,2.4342925548553467,1.0
334,0.0,-0.7277209758758545,-1.142270565032959,-0.7881421446800232,0.0,-0.6048156023025513,-1.0249018669128418,-0.6974010467529297,0.0
335,0.0,-0.6358858346939087,-0.915930449962616,0.055631667375564575,0.0,-0.3636437654495239,-0.6460432410240173,0.33957672119140625,0.0
336,1.0,-0.11391504108905792,2.0578393936157227,1.1937823295593262,1.0,0.092453733086586,2.2691521644592285,1.4564889669418335,1.0
337,1.0,-0.14743691682815552,0.7567475438117981,-0.3668946921825409,1.0,0.010722605511546135,0.9448382258415222,-0.1808450073003769,1.0
338,0.0,1.4964580535888672,-1.0616779327392578,0.1169700175523758,0.0,1.7130610942840576,-0.832295835018158,0.3703865706920624,1.0
339,0.0,-1.2613778114318848,-0.16103138029575348,-0.5319547057151794,0.0,-1.1202665567398071,-0.034824613481760025,-0.40481024980545044,0.0
340,1.0,1.6590865850448608,0.3310377299785614,0.5213845372200012,1.0,1.851136326789856,0.6013647317886353,0.8176023960113525,1.0
341,1.0,-0.8744301199913025,0.5319089889526367,-0.609200656414032,0.0,-0.5559277534484863,0.8632282018661499,-0.3059612512588501,1.0
342,0.0,-0.9082568287849426,-0.005146980285644531,-0.7791635990142822,0.0,-0.63733971118927,0.2198398858308792,-0.5254729986190796,0.0
343,0.0,-0.27294600009918213,-0.6935137510299683,-0.2830986976623535,0.0,-0.1772438883781433,-0.5933167338371277,-0.20433954894542694,0.0
344,1.0,1.9496127367019653,-0.14105623960494995,0.7484925985336304,1.0,2.1919777393341064,0.19975879788398743,1.1177988052368164,1.0
345,1.0,0.36588791012763977,-0.4089362621307373,0.2945196032524109,0.0,0.5485838651657104,-0.23644043505191803,0.46063026785850525,1.0
346,0.0,-0.6259521842002869,-0.7108818292617798,-0.7834406495094299,0.0,-0.509791374206543,-0.6130803823471069,-0.7047423124313354,0.0
347,1.0,2.5997862815856934,0.5053091049194336,1.3800967931747437,1.0,2.8948397636413574,1.0316437482833862,2.007875919342041,1.0
348,0.0,1.7499202489852905,-0.8099491000175476,0.12254855781793594,1.0,1.9328904151916504,-0.5953145027160645,0.35301294922828674,1.0
349,0.0,2.43129301071167,0.6362868547439575,1.2681745290756226,1.0,2.53566575050354,0.9402368068695068,1.6342040300369263,1.0
350,0.0,-0.6154395341873169,-0.7524444460868835,-0.12401022017002106,0.0,-0.3759101927280426,-0.5209742188453674,0.1117950975894928,0.0
351,0.0,0.47359493374824524,-0.7738277316093445,-0.6005603075027466,0.0,0.6951728463172913,-0.5602470636367798,-0.38347184658050537,0.0
352,0.0,-0.8505929112434387,0.30588099360466003,0.6294985413551331,0.0,-0.7778920531272888,0.42852550745010376,0.7597041130065918,1.0
353,1.0,0.7945847511291504,0.4049989581108093,0.19054250419139862,1.0,0.9381643533706665,0.5402036905288696,0.3323880434036255,1.0
354,0.0,-0.7705070376396179,-0.19350072741508484,1.169443964958191,0.0,-0.7319054007530212,-0.06665617227554321,1.2950688600540161,1.0
355,0.0,-0.7957757115364075,0.33795613050460815,-0.12376350909471512,0.0,-0.6893115639686584,0.45514094829559326,-0.002229711040854454,0.0
356,1.0,1.3663614988327026,1.580286979675293,2.1342616081237793,1.0,1.5337468385696411,1.6648308038711548,2.2841453552246094,1.0
357,1.0,-0.8450910449028015,0.1731189787387848,-0.938642680644989,0.0,-0.4493492543697357,0.5717867016792297,-0.5784726738929749,0.0
358,1.0,-0.03345440328121185,0.54412442445755,0.006661992520093918,1.0,0.25775617361068726,0.8162744045257568,0.28945496678352356,1.0
359,1.0,-0.21174408495426178,-0.8036105632781982,-0.33238744735717773,0.0,0.15443357825279236,-0.4532860517501831,0.042712513357400894,0.0
360,1.0,0.26605290174484253,1.0787827968597412,0.17077459394931793,1.0,0.4529493451118469,1.3075534105300903,0.41262683272361755,1.0
361,1.0,0.48242926597595215,3.0063912868499756,-0.40942853689193726,1.0,0.8335672616958618,3.143941640853882,0.10905756056308746,1.0
362,1.0,0.2999088764190674,-0.9791404604911804,-0.9432101249694824,0.0,0.6381435394287109,-0.6681280732154846,-0.6143866777420044,0.0
363,1.0,1.7844520807266235,1.4114818572998047,0.6111936569213867,1.0,1.9281442165374756,1.536380648612976,0.8855825066566467,1.0
364,1.0,0.26196011900901794,-0.41865432262420654,0.6050410270690918,0.0,0.5510135293006897,-0.12571623921394348,0.9201496839523315,1.0
365,0.0,0.34721750020980835,-0.27178922295570374,0.9952235817909241,1.0,0.38568997383117676,-0.21637468039989471,1.0695793628692627,1.0
366,0.0,-0.2046608030796051,1.6026475429534912,0.20599883794784546,1.0,-0.04371875151991844,1.7551971673965454,0.3811461329460144,1.0
367,0.0,-0.7586593627929688,-1.0571768283843994,-0.7082453370094299,0.0,-0.6356772780418396,-0.9405577778816223,-0.6214683651924133,0.0
368,1.0,-0.3551287055015564,-0.3345823287963867,-0.5641239881515503,0.0,-0.012027926743030548,-0.02323581650853157,-0.23201203346252441,0.0
369,1.0,-0.3663816452026367,-1.501374363899231,-1.0836577415466309,0.0,-0.16863128542900085,-1.3145407438278198,-0.9012934565544128,0.0
370,0.0,-0.05837886035442352,-0.48591381311416626,-0.3090209364891052,0.0,0.04144161567091942,-0.3914320170879364,-0.23368072509765625,0.0
371,0.0,-1.12372624874115,-0.8581105470657349,-1.1078875064849854,0.0,-0.9858844876289368,-0.7826749682426453,-1.0118470191955566,0.0
372,0.0,-0.2375902384519577,-1.3149018287658691,-1.1609846353530884,0.0,-0.12842600047588348,-1.2185217142105103,-1.066477656364441,0.0
373,1.0,-0.06190165877342224,-0.694324254989624,-0.8766933083534241,0.0,0.1408761888742447,-0.5173465609550476,-0.6828882098197937,0.0
374,0.0,-0.7961628437042236,-1.0740708112716675,-1.2510645389556885,0.0,-0.6836754679679871,-0.9992558360099792,-1.1610926389694214,0.0
375,0.0,-0.6180822253227234,-0.40672457218170166,-0.6408912539482117,0.0,-0.35937565565109253,-0.19221650063991547,-0.3939957022666931,0.0
376,1.0,-0.08548138290643692,-0.12365827709436417,0.34397614002227783,0.0,0.09054813534021378,0.06885845959186554,0.5264348983764648,1.0
377,1.0,1.1769840717315674,0.6841452121734619,0.12234248220920563,1.0,1.4211887121200562,0.9278745055198669,0.4227234125137329,1.0
378,1.0,-0.6205158233642578,-0.4200060963630676,-1.3014261722564697,0.0,-0.41687658429145813,-0.255709171295166,-1.1351542472839355,0.0
379,0.0,-1.128212332725525,0.8754037618637085,-0.9701846837997437,0.0,-0.8178925514221191,1.1272404193878174,-0.6552200317382812,0.0
380,1.0,-0.5690346360206604,1.906480312347412,0.07830443233251572,1.0,-0.03935288265347481,2.2196269035339355,0.46415066719055176,1.0
381,0.0,1.155365228652954,-0.3012802302837372,2.0567376613616943,1.0,1.322895884513855,-0.10109569132328033,2.236743927001953,1.0
382,1.0,-1.2803982496261597,-0.6081969738006592,0.2321411371231079,0.0,-1.1440740823745728,-0.37856996059417725,0.47187602519989014,0.0
383,1.0,1.23434317111969,1.8171230554580688,0.848713755607605,1.0,1.4298579692840576,1.9867937564849854,1.1831804513931274,1.0
384,1.0,1.372485876083374,-0.4432834982872009,-0.3717791736125946,1.0,1.6102031469345093,-0.1836737096309662,-0.09458160400390625,1.0
385,1.0,0.06008797138929367,-0.4828034043312073,-0.277629017829895,0.0,0.24527235329151154,-0.3001747727394104,-0.09788696467876434,0.0
386,1.0,2.6051981449127197,0.08799293637275696,-0.3716716170310974,1.0,2.766373634338379,0.3754783868789673,-0.027114154770970345,1.0
387,1.0,-0.37054741382598877,-0.3770263195037842,-0.2668912410736084,0.0,-0.013522814027965069,-0.0432819239795208,0.0850057303905487,0.0
388,0.0,-1.2777504920959473,-0.016086503863334656,-0.5222254395484924,0.0,-1.1279704570770264,0.09573987871408463,-0.39261335134506226,0.0
389,0.0,-0.19278964400291443,-0.2123671919107437,1.34684157371521,1.0,-0.1642041802406311,-0.13659054040908813,1.4259426593780518,1.0
390,1.0,-0.6262065172195435,-0.16435351967811584,-1.1466989517211914,0.0,-0.26095178723335266,0.19353421032428741,-0.8045392632484436,0.0
391,1.0,-0.3537766933441162,-0.4164593815803528,-0.8301764130592346,0.0,0.018526680767536163,-0.10198375582695007,-0.4863564670085907,0.0
392,0.0,-0.748633623123169,0.583893895149231,-0.5344007611274719,0.0,-0.6357850432395935,0.7154970765113831,-0.39026135206222534,0.0
393,0.0,-0.7088185548782349,-0.9036840200424194,-1.2641583681106567,0.0,-0.42243266105651855,-0.6880215406417847,-1.002160668373108,0.0
394,0.0,3.547628164291382,-0.012145385146141052,1.8723011016845703,1.0,3.9226698875427246,0.7442966103553772,2.4762284755706787,1.0
395,1.0,-0.7905065417289734,-0.2662516236305237,-1.2451043128967285,0.0,-0.43117639422416687,0.08347466588020325,-0.9009200930595398,0.0
396,1.0,0.34499046206474304,-0.2368791699409485,-0.4540109634399414,0.0,0.5414970517158508,-0.05736200138926506,-0.2734149694442749,0.0
397,0.0,-0.5164891481399536,0.5265795588493347,-0.9631249904632568,0.0,-0.3708246052265167,0.7455742359161377,-0.7758119702339172,0.0
398,0.0,-0.9905564785003662,1.2628669738769531,-0.45252418518066406,1.0,-0.6583181619644165,1.5030200481414795,-0.15766359865665436,1.0
399,0.0,2.065042018890381,-0.7347933650016785,1.4137815237045288,1.0,2.3107566833496094,-0.47130686044692993,1.601738691329956,1.0
400,1.0,-0.5477526187896729,-0.7927919626235962,-0.5269782543182373,0.0,-0.19791175425052643,-0.46361666917800903,-0.1839962899684906,0.0
401,0.0,-1.3718621730804443,-0.613457202911377,-1.178642988204956,0.0,-1.022689938545227,-0.33409661054611206,-0.8738435506820679,0.0
402,1.0,-0.08033900707960129,-0.4113386869430542,-0.3488136827945709,0.0,0.1146983876824379,-0.2261391133069992,-0.17131060361862183,0.0
403,0.0,-0.8475029468536377,-0.5436818599700928,-1.2385152578353882,0.0,-0.7284274101257324,-0.46398407220840454,-1.1405737400054932,0.0
404,1.0,0.48460495471954346,-0.3057858943939209,0.3032355010509491,1.0,0.6638869643211365,-0.13110753893852234,0.48527634143829346,1.0
405,0.0,-1.2411011457443237,-0.6325472593307495,-0.7694136500358582,0.0,-1.0976827144622803,-0.5132201910018921,-0.6666767001152039,0.0
406,1.0,0.9341126084327698,0.36965227127075195,2.1099584102630615,1.0,1.1510030031204224,0.5797363519668579,2.2792418003082275,1.0
407,1.0,-0.48663097620010376,-0.7247932553291321,-0.739228367805481,0.0,-0.28495165705680847,-0.5425080060958862,-0.5721873044967651,0.0
408,0.0,-0.16856975853443146,-0.6403824687004089,-1.002535343170166,0.0,0.10815829038619995,-0.4181051552295685,-0.7398931980133057,0.0
409,0.0,-0.4158402979373932,-0.03954443335533142,0.3222208023071289,0.0,-0.3284444212913513,0.05774025619029999,0.42775633931159973,0.0
410,1.0,0.319322407245636,0.7373772263526917,-0.3237318992614746,1.0,0.5872803330421448,0.9734352827072144,-0.06565357744693756,1.0
411,0.0,-0.7242355346679688,-0.5302945971488953,-0.8075875639915466,0.0,-0.47259414196014404,-0.32606837153434753,-0.5701846480369568,0.0
412,1.0,-1.1872228384017944,-0.6714513301849365,-0.7301613688468933,0.0,-0.9576784372329712,-0.4617869257926941,-0.5262108445167542,0.0
413,1.0,0.2992827594280243,1.066314935684204,-1.0257041454315186,1.0,0.6238265633583069,1.290427803993225,-0.7826659679412842,1.0
414,1.0,1.782947063446045,-0.03874804079532623,1.350611925125122,1.0,2.1142418384552,0.30707329511642456,1.6228280067443848,1.0
415,1.0,0.4864045977592468,0.26513612270355225,-0.5833154916763306,1.0,0.742775022983551,0.4975736439228058,-0.3571747839450836,1.0
416,1.0,-0.7111088037490845,-0.6666733026504517,-0.6766268014907837,0.0,-0.4955890476703644,-0.46900808811187744,-0.49829623103141785,0.0
417,0.0,-0.32664719223976135,-1.0954174995422363,-1.1877727508544922,0.0,-0.06533865630626678,-0.8828108310699463,-0.940902829170227,0.0
418,0.0,-0.7859463691711426,0.06500914692878723,-0.03397949039936066,0.0,-0.6867505311965942,0.17213298380374908,0.07825256884098053,0.0
419,0.0,1.5940171480178833,-0.5134597420692444,-0.5154009461402893,1.0,1.7470216751098633,-0.3374260663986206,-0.3201564848423004,1.0
420,1.0,-1.0329301357269287,-1.0467756986618042,-1.0556803941726685,0.0,-0.6721864342689514,-0.7342186570167542,-0.7271398305892944,0.0
421,1.0,1.3593342304229736,-0.6963710188865662,0.6000398993492126,1.0,1.565322756767273,-0.5359238982200623,0.801388680934906,1.0
422,1.0,0.1042984127998352,0.8623083233833313,1.6596543788909912,1.0,0.28348207473754883,1.0893850326538086,1.879607081413269,1.0
423,0.0,-0.8790532350540161,-0.7135704755783081,-0.7899531126022339,0.0,-0.5904936194419861,-0.47502756118774414,-0.5249953866004944,0.0
424,0.0,-0.9625840187072754,-0.18183676898479462,0.17339210212230682,0.0,-0.7381812334060669,0.0516420342028141,0.4348641633987427,0.0
425,1.0,1.4764539003372192,-0.3896353244781494,-0.9818719029426575,0.0,1.6806832551956177,-0.22081683576107025,-0.7979362607002258,1.0
426,0.0,0.035766348242759705,2.434438705444336,0.6011378169059753,1.0,0.15069101750850677,2.524327039718628,0.7747756242752075,1.0
427,1.0,-0.19436433911323547,-0.060310497879981995,0.5160014629364014,0.0,-0.025679536163806915,0.13137266039848328,0.6958166360855103,1.0
428,1.0,-0.07189944386482239,1.1370501518249512,-0.2155914604663849,1.0,0.15956394374370575,1.3968138694763184,0.03125107288360596,1.0
429,1.0,1.7842998504638672,-0.891497790813446,-0.38978633284568787,1.0,1.982774257659912,-0.6986575722694397,-0.16333043575286865,1.0
430,1.0,0.41146382689476013,0.002849966287612915,-0.4521751403808594,0.0,0.6178001761436462,0.18104133009910583,-0.277130126953125,1.0
431,1.0,-0.3139416575431824,-0.8207615613937378,-0.8044527769088745,0.0,0.04657379910349846,-0.4979848861694336,-0.4511968195438385,0.0
432,1.0,0.07216280698776245,2.1500356197357178,-0.20751523971557617,1.0,0.45476195216178894,2.38335919380188,0.20319709181785583,1.0
433,1.0,-0.2252974808216095,-0.09500084072351456,-0.10987680405378342,0.0,0.12082906812429428,0.23247061669826508,0.23343758285045624,1.0
434,0.0,-0.9932188987731934,1.8359702825546265,1.6577798128128052,1.0,-0.8419946432113647,2.0674264430999756,1.8474189043045044,1.0
435,0.0,-1.2708591222763062,-0.7397937774658203,1.64044988155365,0.0,-1.2609812021255493,-0.5612218976020813,1.7874348163604736,0.0
436,0.0,0.3708244860172272,-0.8225518465042114,1.448133111000061,1.0,0.45007646083831787,-0.769358217716217,1.5440820455551147,1.0
437,0.0,-1.314609408378601,0.4799838066101074,-0.5742717385292053,0.0,-1.098318099975586,0.6454107165336609,-0.38442546129226685,0.0
438,1.0,1.3333717584609985,-0.2158174216747284,-0.7891848683357239,1.0,1.5681962966918945,0.03641539439558983,-0.5549872517585754,1.0
439,0.0,0.18234488368034363,-0.92967689037323,-0.8358031511306763,0.0,0.421469122171402,-0.7092720866203308,-0.6000935435295105,0.0
440,0.0,0.5727241039276123,-0.13010479509830475,0.2346457988023758,1.0,0.7414126992225647,0.050266001373529434,0.42869848012924194,1.0
441,1.0,-0.23279203474521637,0.7237541675567627,-0.8748529553413391,0.0,0.013728630729019642,1.053227186203003,-0.608552098274231,1.0
442,0.0,-0.3938106596469879,0.34074699878692627,0.019307298585772514,0.0,-0.30337563157081604,0.43934184312820435,0.127150297164917,1.0
443,1.0,-0.878619909286499,-0.22512531280517578,0.36776360869407654,0.0,-0.7349878549575806,-0.01850173994898796,0.564044713973999,0.0
444,1.0,-1.0862669944763184,-1.0405172109603882,-0.5037674903869629,0.0,-0.8417225480079651,-0.8072838187217712,-0.26971063017845154,0.0
445,1.0,2.5624001026153564,1.6555144786834717,2.9789414405822754,1.0,2.589524030685425,1.7659659385681152,2.815620183944702,1.0
446,1.0,0.5754778981208801,-0.12625473737716675,0.06262010335922241,1.0,0.8405116200447083,0.14913566410541534,0.3420141637325287,1.0
447,1.0,0.8193931579589844,0.19236862659454346,-0.012469764798879623,1.0,1.0405420064926147,0.42934972047805786,0.22211723029613495,1.0
448,0.0,-1.012147068977356,-0.6897152066230774,-0.7045220732688904,0.0,-0.73195880651474,-0.46023935079574585,-0.4521169364452362,0.0
449,1.0,1.926442265510559,-0.43115076422691345,-0.8451794385910034,1.0,2.1203715801239014,-0.19301597774028778,-0.5858955979347229,1.0
450,1.0,-0.07926741987466812,-0.923424243927002,0.23238277435302734,0.0,0.10749523341655731,-0.7398214936256409,0.3894403576850891,0.0
451,1.0,0.11034439504146576,-0.38740286231040955,0.7921422719955444,1.0,0.2677885591983795,-0.2142176777124405,0.9654234647750854,1.0
452,1.0,0.1840249001979828,-0.23052269220352173,0.5011765360832214,1.0,0.47598475217819214,0.0733141228556633,0.8220445513725281,1.0
453,0.0,2.1028032302856445,-1.22984778881073,-0.8137944936752319,0.0,2.240823745727539,-1.104800820350647,-0.6455756425857544,1.0
454,1.0,2.0495245456695557,-0.1919400691986084,-0.9191723465919495,1.0,2.2075748443603516,0.024598604068160057,-0.6692383289337158,1.0
455,1.0,-0.9794164896011353,-0.45305871963500977,-0.7527798414230347,0.0,-0.7220988869667053,-0.22961373627185822,-0.5264405012130737,0.0
456,1.0,0.03336254134774208,0.6732748746871948,0.06532496213912964,1.0,0.29361841082572937,0.9205631613731384,0.3331669270992279,1.0
457,0.0,-1.1277927160263062,0.5825380086898804,-0.486209899187088,0.0,-0.8269391059875488,0.8397862315177917,-0.21244867146015167,0.0
458,0.0,-0.685193657875061,-0.8041762113571167,1.3323912620544434,0.0,-0.6574037671089172,-0.6712431907653809,1.476104974746704,0.0
459,1.0,0.479875773191452,0.424267441034317,0.6138339042663574,1.0,0.7310082912445068,0.6932441592216492,0.9008634686470032,1.0
460,0.0,-1.0577677488327026,-0.8485354781150818,-0.9708551168441772,0.0,-0.7977378964424133,-0.6480709910392761,-0.7442305088043213,0.0
461,1.0,-0.6441883444786072,1.5676090717315674,0.2669922113418579,1.0,-0.2696545124053955,1.8600209951400757,0.5386835336685181,1.0
462,0.0,-1.168505072593689,-0.18058007955551147,-0.787591814994812,0.0,-0.8533693552017212,0.07105841487646103,-0.5110464692115784,0.0
463,0.0,0.0003133360296487808,1.520180344581604,1.016319990158081,1.0,0.1620447188615799,1.7089537382125854,1.2041008472442627,1.0
464,0.0,-0.38161858916282654,0.40731269121170044,0.16624778509140015,1.0,-0.30352407693862915,0.49693959951400757,0.25937896966934204,1.0
465,0.0,-0.5226187705993652,-0.45336079597473145,-0.47863590717315674,0.0,-0.407819539308548,-0.35834184288978577,-0.3705255687236786,0.0
466,1.0,0.06932532787322998,1.567097783088684,-0.15066690742969513,1.0,0.287058025598526,1.787178874015808,0.0846073180437088,1.0
467,1.0,-0.5097400546073914,0.19753997027873993,-0.6106223464012146,0.0,-0.3101552724838257,0.3986956477165222,-0.4224371016025543,0.0
468,1.0,-0.686548113822937,-0.9055531620979309,-0.06801556795835495,0.0,-0.5030458569526672,-0.7101539969444275,0.09325087070465088,0.0
469,0.0,4.033880233764648,1.4597827196121216,-0.3505331575870514,1.0,3.9643642902374268,1.5085842609405518,-0.1664932519197464,1.0
470,0.0,-0.7277334332466125,1.6743049621582031,1.8140355348587036,1.0,-0.6859534382820129,1.8536458015441895,1.9639027118682861,1.0
471,0.0,1.5554851293563843,-0.6746068596839905,0.43885916471481323,1.0,1.6638363599777222,-0.5642424821853638,0.5668695569038391,1.0
472,0.0,-0.34860461950302124,-0.7904846668243408,-0.8933311104774475,0.0,-0.10506780445575714,-0.5833197236061096,-0.6564717292785645,0.0
473,0.0,-0.21161019802093506,0.564475417137146,-0.968909740447998,0.0,-0.11763109266757965,0.6949567198753357,-0.8425260186195374,0.0
474,1.0,-0.17756596207618713,0.25264260172843933,0.5048303008079529,1.0,0.09887132793664932,0.5368916988372803,0.8007588982582092,1.0
475,0.0,2.255047082901001,-0.9099499583244324,-0.4946437180042267,1.0,2.4166979789733887,-0.696533203125,-0.2696347236633301,1.0
476,0.0,-0.7474150061607361,-0.32145336270332336,-1.0812532901763916,0.0,-0.5008640885353088,-0.11879225075244904,-0.8440876007080078,0.0
477,1.0,0.6184672713279724,-0.37169793248176575,1.5200684070587158,1.0,0.7705683708190918,-0.22423537075519562,1.718826413154602,1.0
478,1.0,0.3903011679649353,-0.3110886812210083,-0.36514753103256226,0.0,0.6974058747291565,-0.005518563091754913,-0.050570279359817505,1.0
479,0.0,-1.0306174755096436,0.024140115827322006,-0.7289881110191345,0.0,-0.7306219935417175,0.27240851521492004,-0.4576663076877594,0.0
480,0.0,-1.186201572418213,-0.8406366109848022,-0.8459826707839966,0.0,-1.042752981185913,-0.7188814282417297,-0.7500673532485962,0.0
481,1.0,0.3014044165611267,-0.7647686004638672,-0.6680095195770264,0.0,0.6391671895980835,-0.4436977207660675,-0.3304152190685272,0.0
482,1.0,-0.19979599118232727,-0.7123332023620605,-0.3715546727180481,0.0,0.12458610534667969,-0.3946473002433777,-0.03879691660404205,0.0
483,0.0,-0.11466298252344131,-0.3347611129283905,-0.6268167495727539,0.0,0.1156935915350914,-0.1355198472738266,-0.3967599868774414,0.0
484,1.0,1.6462913751602173,-0.46732670068740845,-0.3599849343299866,1.0,1.8703532218933105,-0.21423353254795074,-0.09141020476818085,1.0
485,1.0,-0.17980574071407318,0.10237428545951843,-0.4073200821876526,0.0,0.1201874390244484,0.38343822956085205,-0.11164945363998413,1.0
486,1.0,-0.8865109086036682,0.981602668762207,-0.31159040331840515,0.0,-0.4940604567527771,1.347365379333496,0.011578794568777084,1.0
487,1.0,3.0007483959198,2.2247447967529297,1.619507074356079,1.0,2.8641600608825684,2.1203179359436035,1.9052698612213135,1.0
488,0.0,-0.7498735189437866,-0.6430046558380127,-0.8117988705635071,0.0,-0.6275954246520996,-0.5369822978973389,-0.7193983197212219,0.0
489,0.0,0.03444218635559082,1.0440785884857178,1.2182214260101318,1.0,0.11132001876831055,1.1863046884536743,1.346987009048462,1.0
490,0.0,-0.4763646125793457,0.3297700881958008,0.5145702362060547,1.0,-0.40468499064445496,0.42294538021087646,0.635086178779602,1.0
491,0.0,-0.7778443694114685,0.3720901906490326,-0.5489237904548645,0.0,-0.6698746681213379,0.48572221398353577,-0.42467424273490906,0.0
492,1.0,0.6264591813087463,-0.06584186106920242,-0.13714581727981567,1.0,0.9007712006568909,0.22890283167362213,0.15348519384860992,1.0
493,1.0,-0.7118228077888489,-0.07833757996559143,1.1067585945129395,0.0,-0.5463396906852722,0.19418135285377502,1.3909636735916138,1.0
494,1.0,-0.9686545729637146,-1.1424322128295898,-1.0285828113555908,0.0,-0.6841270327568054,-0.8997671604156494,-0.7728791832923889,0.0
495,0.0,0.05559201538562775,-0.5524376630783081,-0.4127635359764099,0.0,0.30023083090782166,-0.3204757571220398,-0.15576232969760895,0.0
496,0.0,-1.1657531261444092,-1.21174955368042,-1.08595609664917,0.0,-0.8554690480232239,-0.9620696902275085,-0.8131076097488403,0.0
497,0.0,-1.0808751583099365,-0.5373292565345764,-0.7034018635749817,0.0,-0.7763428688049316,-0.2835955023765564,-0.42760011553764343,0.0
498,0.0,-0.5349149107933044,-0.8926115036010742,-0.7617908716201782,0.0,-0.2734712064266205,-0.6683469414710999,-0.5079855918884277,0.0
499,1.0,0.45606380701065063,3.041430711746216,-0.34527572989463806,1.0,0.7664327025413513,3.088233470916748,0.1596970409154892,1.0
500,0.0,-0.23775964975357056,-0.9765406250953674,-1.192244529724121,0.0,-0.1290576010942459,-0.8878276348114014,-1.1020255088806152,0.0
501,1.0,0.5442603230476379,-0.1079186424612999,1.153952717781067,1.0,0.6892223358154297,0.027744067832827568,1.3182976245880127,1.0
502,1.0,-0.6377060413360596,-1.291351318359375,0.5509845018386841,0.0,-0.5123743414878845,-1.0949065685272217,0.7321016788482666,0.0
503,1.0,0.02061721682548523,-0.8420962691307068,-0.2864624559879303,0.0,0.341025710105896,-0.5222175121307373,0.05075505003333092,0.0
504,1.0,-0.03977300971746445,2.572462558746338,0.8863810896873474,1.0,0.16842424869537354,2.7005274295806885,1.1424498558044434,1.0
505,1.0,0.6401760578155518,0.5601961612701416,0.49786221981048584,1.0,0.865308940410614,0.7929256558418274,0.745292067527771,1.0
506,1.0,0.41884198784828186,-0.7137091159820557,-1.0307345390319824,0.0,0.7428653240203857,-0.42360395193099976,-0.7301727533340454,0.0
507,1.0,0.46502044796943665,-0.4479154646396637,-0.11483096331357956,0.0,0.6491365432739258,-0.27254560589790344,0.056037526577711105,1.0
508,0.0,-0.9376533031463623,-0.20401856303215027,2.2899043560028076,1.0,-0.9539169073104858,-0.08555567264556885,2.3832414150238037,1.0
509,1.0,2.1840951442718506,-0.19814865291118622,-0.6402208805084229,1.0,2.333580732345581,0.01903172954916954,-0.3810178339481354,1.0
510,1.0,-0.32803571224212646,0.5462868213653564,-0.6191700100898743,0.0,-0.1258927881717682,0.7750691771507263,-0.39984530210494995,1.0
511,1.0,-0.2114509642124176,-0.842625617980957,-0.054552532732486725,0.0,0.06866651028394699,-0.5570945739746094,0.23626647889614105,0.0
512,0.0,-0.5049934983253479,0.3448881506919861,1.828941822052002,1.0,-0.5097266435623169,0.3750899136066437,1.8505254983901978,1.0
513,1.0,-0.589805543422699,-0.1353829801082611,0.268837571144104,0.0,-0.24792572855949402,0.20739829540252686,0.6229706406593323,1.0
514,1.0,-1.308888554573059,-1.2177737951278687,-0.9657179117202759,0.0,-0.920849621295929,-0.8723812103271484,-0.6011587381362915,0.0
515,0.0,-0.6382502913475037,-0.4474472999572754,0.45327743887901306,0.0,-0.5825724005699158,-0.33493754267692566,0.563942015171051,0.0
516,1.0,0.8060880303382874,0.4423767924308777,0.6007930040359497,1.0,1.0235621929168701,0.6693605184555054,0.8494917154312134,1.0
517,0.0,-0.8638430237770081,-0.4623156487941742,-0.642535388469696,0.0,-0.7437542676925659,-0.3705383837223053,-0.5482146143913269,0.0
518,0.0,-0.8492522835731506,-0.8044501543045044,-0.936955988407135,0.0,-0.7227317690849304,-0.6996397376060486,-0.8508103489875793,0.0
519,1.0,-1.1337840557098389,-0.7179080247879028,0.5862216353416443,0.0,-1.0194519758224487,-0.49033063650131226,0.8222801685333252,0.0
520,1.0,-0.20224854350090027,-0.7845672369003296,1.7137107849121094,0.0,-0.05055373162031174,-0.5721532702445984,1.9206316471099854,1.0
521,1.0,0.2510244846343994,-0.7300825119018555,-1.4449965953826904,0.0,0.47746115922927856,-0.5742824673652649,-1.2639156579971313,0.0
522,1.0,-0.40274161100387573,0.26090437173843384,0.21167314052581787,0.0,-0.05559692531824112,0.5901305079460144,0.5433226823806763,1.0
523,1.0,-0.22871997952461243,-1.4920802116394043,-0.5776469111442566,0.0,-0.0413505993783474,-1.304263949394226,-0.38694000244140625,0.0
524,0.0,-0.955792248249054,0.011362209916114807,-0.7882754802703857,0.0,-0.8270283341407776,0.12310963869094849,-0.6674981713294983,0.0
525,0.0,1.522024154663086,-0.22340500354766846,-0.2602410316467285,1.0,1.6136958599090576,-0.09997569024562836,-0.12180416285991669,1.0
526,1.0,0.14648327231407166,-0.08654993772506714,0.2527148425579071,0.0,0.4139873683452606,0.19086913764476776,0.5426010489463806,1.0
527,0.0,-1.0308736562728882,-0.4231092631816864,-0.5119354128837585,0.0,-0.8989078402519226,-0.3126746118068695,-0.42100048065185547,0.0
528,0.0,-0.2617933750152588,1.9057201147079468,-0.6153038144111633,1.0,-0.005483007989823818,2.060154914855957,-0.35857465863227844,1.0
529,0.0,1.496954321861267,-0.20580852031707764,-0.43359285593032837,1.0,1.5844578742980957,-0.10853545367717743,-0.33050090074539185,1.0
530,0.0,-0.8775829076766968,-0.9739923477172852,1.563563585281372,0.0,-0.9081403613090515,-0.8638852834701538,1.6618717908859253,0.0
531,1.0,-0.5159459710121155,-0.14241057634353638,-0.24068893492221832,0.0,-0.3220885097980499,0.044095419347286224,-0.05412881448864937,0.0
532,0.0,-1.292446255683899,0.29237934947013855,2.7923178672790527,1.0,-1.210476279258728,0.49771732091903687,2.9139325618743896,1.0
533,1.0,-0.5258452892303467,0.3979535698890686,-0.911930501461029,0.0,-0.32224011421203613,0.632238507270813,-0.6898067593574524,0.0
534,0.0,-0.10638446360826492,-0.3435690999031067,0.9667582511901855,1.0,0.135518416762352,-0.07748471200466156,1.253458023071289,1.0
535,1.0,0.41041040420532227,0.6925010681152344,0.05811779201030731,1.0,0.6638450622558594,0.9166494607925415,0.30422961711883545,1.0
536,1.0,-0.3553440272808075,-0.44600909948349,-0.6541637778282166,0.0,0.005974194034934044,-0.12656040489673615,-0.3095138967037201,0.0
537,0.0,-0.6873162388801575,-0.83552086353302,-0.9227668046951294,0.0,-0.42406803369522095,-0.6217374205589294,-0.6757060289382935,0.0
538,0.0,-1.087619662284851,0.5467026829719543,0.36650580167770386,0.0,-0.9427981972694397,0.6974096298217773,0.5590767860412598,1.0
539,1.0,-0.7200456261634827,2.3964905738830566,-0.5137126445770264,1.0,0.4596708416938782,2.7978515625,0.32620739936828613,1.0
540,1.0,-0.14529486000537872,2.22885799407959,1.1860042810440063,1.0,0.10306859761476517,2.461963176727295,1.4661725759506226,1.0
541,0.0,2.335732936859131,-1.2978962659835815,-0.48072174191474915,1.0,2.527324676513672,-1.063151240348816,-0.22001394629478455,1.0
542,1.0,-0.7717778086662292,-0.39940688014030457,-0.36558276414871216,0.0,-0.566443681716919,-0.20221249759197235,-0.1767905056476593,0.0
543,0.0,1.7076185941696167,0.021761029958724976,0.4563702642917633,1.0,1.8036506175994873,0.18022067844867706,0.6220146417617798,1.0
544,0.0,-0.6410611271858215,-0.35898175835609436,0.942184567451477,0.0,-0.6075247526168823,-0.24613960087299347,1.0642967224121094,0.0
545,1.0,0.3628578782081604,0.7377590537071228,-0.6257240772247314,1.0,0.6312288045883179,0.9795326590538025,-0.36312663555145264,1.0
546,0.0,-1.205541968345642,-0.6052271723747253,-0.8950024843215942,0.0,-1.057662010192871,-0.4868527054786682,-0.7941064238548279,0.0
547,0.0,-1.109838604927063,-1.1792035102844238,-1.0026990175247192,0.0,-0.8075830936431885,-0.934596598148346,-0.7357574105262756,0.0
548,1.0,-0.285200834274292,-0.538580060005188,-1.0341122150421143,0.0,0.044056206941604614,-0.26024821400642395,-0.7237544059753418,0.0
549,0.0,0.06638002395629883,-0.21033050119876862,0.49200814962387085,0.0,0.14821548759937286,-0.1203874796628952,0.5652368664741516,1.0
550,0.0,1.0780624151229858,-0.5481644868850708,0.7501690983772278,1.0,1.126496434211731,-0.5399089455604553,0.821394681930542,1.0
551,1.0,0.01609209179878235,-0.8588268756866455,-0.5450938940048218,0.0,0.3638811409473419,-0.5266417264938354,-0.18836750090122223,0.0
552,0.0,0.7252129316329956,0.20845884084701538,-0.05138719081878662,1.0,0.8147780895233154,0.30593690276145935,0.05782487615942955,1.0
553,1.0,-0.9631502628326416,-0.6373608112335205,-0.8522452116012573,0.0,-0.5753108859062195,-0.29445889592170715,-0.4975601136684418,0.0
554,0.0,-0.9547386169433594,-0.8477311730384827,-1.1430305242538452,0.0,-0.8302209377288818,-0.7778483629226685,-1.0459887981414795,0.0
555,1.0,0.6393802165985107,1.7216410636901855,1.0129292011260986,1.0,0.8264532685279846,1.9201477766036987,1.2438451051712036,1.0
556,1.0,-0.8368496894836426,0.2949613034725189,-0.8980822563171387,0.0,-0.4506550133228302,0.6917219758033752,-0.5367167592048645,0.0
557,0.0,-0.9532254934310913,-0.2407674789428711,-0.36687615513801575,0.0,-0.7362527847290039,-0.06039665266871452,-0.16733606159687042,0.0
558,1.0,0.1593928039073944,-0.6620766520500183,-0.6496743559837341,0.0,0.41996848583221436,-0.4162098169326782,-0.39062124490737915,0.0
559,0.0,-0.8749063014984131,0.16413599252700806,0.43721863627433777,0.0,-0.8034477233886719,0.28508907556533813,0.5711269378662109,0.0
560,0.0,-0.2532886266708374,0.3228152394294739,-0.4047221839427948,0.0,-0.16601327061653137,0.41447538137435913,-0.30250412225723267,0.0
561,0.0,-0.8730953335762024,0.04524880647659302,0.4657370448112488,0.0,-0.8078877925872803,0.16533300280570984,0.5997947454452515,0.0
562,0.0,2.505206346511841,0.8764420747756958,2.0178134441375732,1.0,2.540956497192383,1.1213968992233276,2.055051326751709,1.0
563,0.0,-1.080419659614563,-0.7265087366104126,-0.6740139126777649,0.0,-0.7785437703132629,-0.47296684980392456,-0.39864516258239746,0.0
564,1.0,0.07407136261463165,2.4445552825927734,-0.6039875745773315,1.0,0.6272928714752197,2.6486899852752686,-0.0768083706498146,1.0
565,1.0,-0.5896894335746765,2.406876564025879,1.2326198816299438,1.0,-0.07210665941238403,2.684176206588745,1.499533772468567,1.0
566,0.0,-0.41414642333984375,-0.7742752432823181,-0.7145744562149048,0.0,-0.3189171254634857,-0.6895827054977417,-0.6275727152824402,0.0
567,1.0,-1.2825907468795776,0.2572002410888672,0.9333382844924927,0.0,-1.092542290687561,0.5582372546195984,1.201204776763916,1.0
568,1.0,-0.7418699264526367,0.03911562263965607,0.1931593120098114,0.0,-0.545372486114502,0.2521410882472992,0.40601322054862976,0.0
569,0.0,-0.7211527824401855,-0.8787660598754883,-1.1554999351501465,0.0,-0.6001963019371033,-0.7790634036064148,-1.0659326314926147,0.0
570,1.0,0.16053545475006104,-0.21759888529777527,-0.2372112274169922,0.0,0.34977471828460693,-0.04344770684838295,-0.07680012285709381,0.0
571,0.0,-0.18193654716014862,-0.8006287813186646,0.20197884738445282,0.0,-0.0867508053779602,-0.690378725528717,0.3099156618118286,0.0
572,0.0,0.2439691424369812,-0.4011768698692322,-1.2760326862335205,0.0,0.3761585056781769,-0.330145925283432,-1.186780571937561,0.0
573,1.0,0.08086105436086655,-0.7467529773712158,1.1656075716018677,0.0,0.2217981219291687,-0.5810681581497192,1.3515946865081787,1.0
574,1.0,2.0976767539978027,1.3308813571929932,0.6784795522689819,1.0,2.204702377319336,1.4292006492614746,0.9623242020606995,1.0
575,0.0,-1.2717007398605347,-0.7890598773956299,-0.9111073017120361,0.0,-1.1326920986175537,-0.7053457498550415,-0.8162234425544739,0.0
576,0.0,0.23720988631248474,-0.48207196593284607,-0.8033852577209473,0.0,0.4642053544521332,-0.2815335690975189,-0.5866190195083618,0.0
577,0.0,-1.100620150566101,0.3005307614803314,-0.7811564207077026,0.0,-0.8216579556465149,0.5394619703292847,-0.513695240020752,0.0
578,0.0,0.5547303557395935,2.08355975151062,-1.431100606918335,1.0,0.6089599132537842,2.092693567276001,-1.2758028507232666,1.0
579,0.0,2.1045424938201904,0.4072498381137848,-0.5813337564468384,1.0,2.1730587482452393,0.5338262319564819,-0.3678271472454071,1.0
580,0.0,-1.105851411819458,-0.8242189884185791,-0.6171343326568604,0.0,-0.9717568755149841,-0.7272212505340576,-0.5153929591178894,0.0
581,1.0,0.7037179470062256,-0.8268977999687195,-0.5128255486488342,0.0,1.010911226272583,-0.5277689695358276,-0.20583312213420868,0.0
582,1.0,-0.22633317112922668,0.9177588224411011,-0.051796212792396545,1.0,-0.016131216660141945,1.1599676609039307,0.19155658781528473,1.0
583,0.0,-0.23256058990955353,0.7765474319458008,1.3840311765670776,1.0,-0.12120574712753296,0.9237362146377563,1.5299155712127686,1.0
584,0.0,0.3708380162715912,-0.49400025606155396,0.936491072177887,1.0,0.46028417348861694,-0.40233364701271057,1.0599476099014282,1.0
585,1.0,-0.15016978979110718,0.8217064142227173,-0.6811147332191467,1.0,0.025063147768378258,1.0240070819854736,-0.489385724067688,1.0
586,1.0,1.1635255813598633,0.6679843664169312,0.24220120906829834,1.0,1.3740168809890747,0.8600065112113953,0.471848726272583,1.0
587,0.0,-0.920586109161377,-1.1097960472106934,-0.28979015350341797,0.0,-0.6470912098884583,-0.8520028591156006,-0.02599557489156723,0.0
588,1.0,1.1041964292526245,-0.8469477891921997,-0.15853098034858704,0.0,1.300216794013977,-0.6681853532791138,0.03835899382829666,1.0
589,1.0,-0.325406551361084,0.30217647552490234,0.506147563457489,1.0,-0.18256233632564545,0.4792618453502655,0.6862705945968628,1.0
590,1.0,-0.5041745901107788,-0.6660940647125244,-0.7765384912490845,0.0,-0.25755128264427185,-0.4474118947982788,-0.5425146818161011,0.0
591,1.0,-0.6666722297668457,-0.8795114755630493,-0.5722283124923706,0.0,-0.2853294312953949,-0.5351444482803345,-0.2070004940032959,0.0
592,0.0,0.04839271306991577,-0.5016645193099976,0.4613509476184845,0.0,0.12322340905666351,-0.4134797155857086,0.5334815979003906,0.0
593,1.0,0.29676222801208496,0.19954469799995422,-0.7495039701461792,0.0,0.511467695236206,0.36777469515800476,-0.5729197263717651,1.0
594,1.0,-0.2865176200866699,-0.4650841951370239,-0.26648765802383423,0.0,0.035801149904727936,-0.1512761116027832,0.06012402102351189,0.0
595,0.0,-0.566886842250824,0.5211190581321716,-1.292459487915039,0.0,-0.474077969789505,0.6865200996398926,-1.1391141414642334,0.0
596,1.0,-0.31488436460494995,-0.3989274799823761,-1.424368977546692,0.0,-0.07866426557302475,-0.22342489659786224,-1.2281668186187744,0.0
597,0.0,-1.0088597536087036,0.7822583913803101,-0.8611423373222351,0.0,-0.7028276920318604,1.0616285800933838,-0.5622857809066772,0.0
598,0.0,1.113170862197876,-0.5118907690048218,-0.8092987537384033,0.0,1.218800663948059,-0.419759064912796,-0.7246891856193542,0.0
599,0.0,2.3879613876342773,0.03498546779155731,2.0279972553253174,1.0,2.7681849002838135,0.4903167188167572,2.226735830307007,1.0
600,0.0,-0.8732879161834717,-0.07582557201385498,-0.2735443115234375,0.0,-0.7576588988304138,0.0358031764626503,-0.16790147125720978,0.0
601,1.0,0.2298341691493988,-0.2965589761734009,-0.1818099021911621,0.0,0.40724819898605347,-0.13364437222480774,-0.03707413375377655,0.0
602,0.0,0.8991000056266785,0.41242897510528564,3.4471852779388428,1.0,1.0432114601135254,0.6343427896499634,2.941908359527588,1.0
603,0.0,-1.0315067768096924,-0.23388954997062683,-0.02821270003914833,0.0,-0.9341416358947754,-0.10834291577339172,0.09640704095363617,0.0
604,1.0,0.5546393394470215,0.2576882541179657,1.3394243717193604,1.0,0.8183838129043579,0.511868953704834,1.6129953861236572,1.0
605,0.0,1.1395474672317505,0.43939921259880066,1.0911815166473389,1.0,1.3144688606262207,0.6049919128417969,1.2784138917922974,1.0
606,1.0,-0.3755649924278259,0.19681161642074585,2.1904382705688477,1.0,-0.37628957629203796,0.27020037174224854,2.2526609897613525,1.0
607,0.0,-1.2453112602233887,-0.9817405343055725,-0.5671047568321228,0.0,-0.9519407153129578,-0.7280408143997192,-0.2933076322078705,0.0
608,1.0,-0.028864488005638123,0.41821685433387756,-0.19519788026809692,1.0,0.19724729657173157,0.6436741352081299,0.04137198254466057,1.0
609,1.0,-0.32196754217147827,3.115217924118042,-0.10938666760921478,1.0,0.6911947727203369,3.284383773803711,0.7380377054214478,1.0
610,0.0,-0.8610933423042297,-1.055834174156189,-0.7756896615028381,0.0,-0.620469868183136,-0.8542141318321228,-0.5598788857460022,0.0
611,0.0,0.2682267427444458,1.6527007818222046,1.255580186843872,1.0,0.30156537890434265,1.7770743370056152,1.4127839803695679,1.0
612,0.0,0.04015723615884781,-1.3717678785324097,0.2521250545978546,0.0,0.2964145541191101,-1.1043261289596558,0.5457297563552856,0.0
613,1.0,0.2503006160259247,-0.629763126373291,1.8821688890457153,1.0,0.5315452814102173,-0.4069221317768097,2.1514041423797607,1.0
614,1.0,2.592292308807373,-0.11084753274917603,0.4487793743610382,1.0,2.7882497310638428,0.34551170468330383,0.9695852398872375,1.0
615,0.0,-0.6967372298240662,-0.49008291959762573,-0.7803946137428284,0.0,-0.43996575474739075,-0.2804146111011505,-0.536083996295929,0.0
616,0.0,-1.3311238288879395,0.0031391382217407227,-0.8171531558036804,0.0,-1.1573542356491089,0.11195454001426697,-0.680220365524292,0.0
617,0.0,-0.012235268950462341,-0.7505995631217957,-1.1573492288589478,0.0,0.27531754970550537,-0.5198096632957458,-0.8951789140701294,0.0
618,0.0,-0.17386695742607117,-0.3835661709308624,1.8438769578933716,1.0,-0.08074012398719788,-0.21501900255680084,2.002655267715454,1.0
619,0.0,0.6949958205223083,-0.7752707004547119,-0.6410877704620361,0.0,0.8996428847312927,-0.5748841762542725,-0.43442201614379883,0.0
620,0.0,-0.780754804611206,-0.7101238369941711,-0.8914684057235718,0.0,-0.6717241406440735,-0.6375471949577332,-0.8026555776596069,0.0
621,1.0,-0.5567023754119873,0.3283168375492096,-0.2975914180278778,0.0,-0.18011459708213806,0.6740174889564514,0.02680634707212448,1.0
622,1.0,0.1805727183818817,0.8517964482307434,-0.6363280415534973,1.0,0.4997573792934418,1.1060587167739868,-0.365087628364563,1.0
623,1.0,1.3003329038619995,2.284886360168457,0.3194638788700104,1.0,1.538252592086792,2.5254902839660645,0.7376936674118042,1.0
624,1.0,-0.594811201095581,-0.7437260150909424,-0.7000584602355957,0.0,-0.3851519823074341,-0.551839292049408,-0.5212228894233704,0.0
625,1.0,0.7056134939193726,-0.21911460161209106,0.5069836378097534,1.0,0.8180691003799438,-0.13265424966812134,0.6257046461105347,1.0
626,1.0,-0.48264238238334656,-0.3368663191795349,-1.2033584117889404,0.0,-0.2531781792640686,-0.14912308752536774,-1.0014325380325317,0.0
627,1.0,-0.3088948428630829,-1.0661166906356812,-0.5050166845321655,0.0,-0.11455188691616058,-0.8777807354927063,-0.3366793692111969,0.0
628,1.0,-0.3258510231971741,0.2013835906982422,1.3139190673828125,1.0,-0.1413688063621521,0.455595999956131,1.522783637046814,1.0
629,0.0,-0.5161994695663452,-0.7139582633972168,-0.5095428228378296,0.0,-0.257365882396698,-0.4854554533958435,-0.2556411623954773,0.0
630,1.0,1.7552677392959595,-1.3488991260528564,-1.0280086994171143,0.0,2.047288179397583,-1.0671485662460327,-0.6722378730773926,0.0
631,0.0,0.11439414322376251,0.40003105998039246,-1.0041868686676025,0.0,0.40763258934020996,0.5885299444198608,-0.7774958610534668,1.0
632,0.0,-0.35993897914886475,-0.14591830968856812,-0.46383965015411377,0.0,-0.21552351117134094,-0.025080222636461258,-0.31886857748031616,0.0
633,1.0,0.667995274066925,0.982494592666626,1.4977619647979736,1.0,0.8984110355377197,1.1950865983963013,1.727824091911316,1.0
634,1.0,-0.19001810252666473,-0.4292604923248291,0.6518105268478394,0.0,-0.028238197788596153,-0.23607714474201202,0.8306983709335327,1.0
635,1.0,-0.5396853685379028,-1.1942024230957031,-0.9678103923797607,0.0,-0.1806657910346985,-0.8715940117835999,-0.6183729767799377,0.0
636,1.0,1.847705602645874,2.005871534347534,-0.6297920346260071,1.0,2.036221981048584,1.9294544458389282,-0.6131182312965393,1.0
637,0.0,-1.0445460081100464,-0.1445850133895874,-0.7382928729057312,0.0,-0.9083954691886902,-0.03131420537829399,-0.6236483454704285,0.0
638,1.0,1.8406649827957153,0.6312910318374634,-0.0004353523254394531,1.0,2.0557804107666016,0.8593471646308899,0.34569185972213745,1.0
639,0.0,-0.8379319310188293,-0.041290927678346634,-0.985150933265686,0.0,-0.7228095531463623,0.041790127754211426,-0.8749334216117859,0.0
640,0.0,-1.1880853176116943,-0.8026144504547119,-0.2010146975517273,0.0,-1.0905283689498901,-0.6713157892227173,-0.08740212023258209,0.0
641,1.0,0.08354334533214569,-0.7462687492370605,0.2389627993106842,0.0,0.27283382415771484,-0.5666157007217407,0.40239110589027405,0.0
642,0.0,0.32482171058654785,-0.8419813513755798,1.2562594413757324,1.0,0.41438329219818115,-0.7607495188713074,1.382591724395752,1.0
643,1.0,-1.1431396007537842,0.22432222962379456,0.5001715421676636,0.0,-0.8452154397964478,0.5841943621635437,0.8870186805725098,1.0
644,1.0,-0.03191076219081879,0.5873582363128662,-0.01244896650314331,1.0,0.25091952085494995,0.8518238067626953,0.2653038799762726,1.0
645,1.0,0.26582425832748413,-0.9906177520751953,0.3850450813770294,0.0,0.5284890532493591,-0.7313475608825684,0.6683124303817749,0.0
646,1.0,-0.4150262176990509,-0.8661881685256958,0.12429071962833405,0.0,-0.07257553189992905,-0.5184680223464966,0.4797431230545044,0.0
647,0.0,0.03129042685031891,-0.24229207634925842,-0.12224384397268295,0.0,0.11989513039588928,-0.14872503280639648,-0.02375832013785839,0.0
648,1.0,0.6409152746200562,-0.8386282324790955,-0.34481459856033325,0.0,0.8342936635017395,-0.6706851124763489,-0.17602010071277618,0.0
649,0.0,-0.7014280557632446,0.32859107851982117,-0.9008172154426575,0.0,-0.47915658354759216,0.578428328037262,-0.6570107936859131,0.0
650,1.0,0.613890528678894,0.29202646017074585,1.1684894561767578,1.0,0.8648177981376648,0.5438622236251831,1.444291353225708,1.0
651,0.0,-1.1352475881576538,0.41830331087112427,-1.0790740251541138,0.0,-0.9676193594932556,0.6094220280647278,-0.8733845949172974,0.0
652,0.0,-0.0036539435386657715,-1.209611415863037,-0.5889909863471985,0.0,0.12125445902347565,-1.0821466445922852,-0.4646260738372803,0.0
653,1.0,-0.879865825176239,-1.616823434829712,-0.9967392683029175,0.0,-0.6659052968025208,-1.4257879257202148,-0.8098671436309814,0.0
654,1.0,0.8170799016952515,-0.270797997713089,2.200317621231079,1.0,1.0386193990707397,0.051279909908771515,2.4322781562805176,1.0
655,1.0,-1.2417134046554565,0.40225496888160706,0.22930505871772766,0.0,-1.0118380784988403,0.6970517635345459,0.5343649387359619,1.0
656,1.0,0.10526850819587708,0.739435076713562,0.5325725674629211,1.0,0.35418325662612915,0.9827465415000916,0.794285774230957,1.0
657,0.0,-1.3167343139648438,-0.8254351615905762,0.6756592392921448,0.0,-1.279499888420105,-0.6824654340744019,0.8131343722343445,0.0
658,0.0,0.1715499311685562,-0.5989120006561279,1.005206823348999,1.0,0.22852924466133118,-0.5199878811836243,1.1001964807510376,1.0
659,1.0,1.697695255279541,0.9468398690223694,-0.2906600832939148,1.0,1.9869754314422607,1.1006773710250854,-0.025154508650302887,1.0
660,0.0,-1.4113993644714355,1.142433762550354,2.348003625869751,1.0,-1.2805895805358887,1.3034881353378296,2.409761905670166,1.0
661,0.0,0.659575879573822,0.7916797399520874,0.6683651208877563,1.0,0.7156804203987122,0.8536673188209534,0.7508993744850159,1.0
662,0.0,-0.013386336155235767,-0.35797929763793945,-0.04354095458984375,0.0,0.06640185415744781,-0.2682618796825409,0.04217785969376564,0.0
663,1.0,2.0027832984924316,1.7570606470108032,1.1006327867507935,1.0,2.0458762645721436,1.836614966392517,1.40840482711792,1.0
664,0.0,-1.2988816499710083,-1.0821340084075928,-1.1882224082946777,0.0,-1.155146837234497,-1.0060434341430664,-1.0975077152252197,0.0
665,0.0,-1.3050944805145264,-0.5169419050216675,-0.5046711564064026,0.0,-1.004144310951233,-0.2573770582675934,-0.2250337302684784,0.0
666,1.0,0.7735663652420044,-0.593194842338562,-0.03475159406661987,0.0,0.9676368832588196,-0.4181048572063446,0.14615589380264282,1.0
667,0.0,-0.9942547082901001,-0.09432689845561981,1.6964117288589478,1.0,-0.948589563369751,0.0738019049167633,1.8278824090957642,1.0
668,0.0,-0.8591175675392151,-0.09440571069717407,-0.6117315292358398,0.0,-0.5951293110847473,0.12265639007091522,-0.3668581247329712,0.0
669,1.0,-0.21623098850250244,0.599181592464447,-0.8101771473884583,0.0,0.06534668803215027,0.9291657209396362,-0.5308698415756226,1.0
670,0.0,-0.6837350726127625,-0.045076072216033936,-0.6824721693992615,0.0,-0.44064611196517944,0.15757279098033905,-0.45068249106407166,0.0
671,0.0,-1.0676289796829224,0.044858723878860474,2.170748710632324,1.0,-1.0872461795806885,0.1088138222694397,2.205073118209839,1.0
672,1.0,-0.9159610867500305,-0.8055406808853149,-0.1792113184928894,0.0,-0.7088702321052551,-0.5946505069732666,0.027180489152669907,0.0
673,1.0,0.9060274958610535,0.4723702371120453,-0.40942034125328064,1.0,1.1223061084747314,0.6543177962303162,-0.2395225316286087,1.0
674,0.0,-1.232525110244751,-0.7677375674247742,-0.9809982180595398,0.0,-1.0900815725326538,-0.6727330088615417,-0.8849737048149109,0.0
675,1.0,2.9597458839416504,0.9737944006919861,1.9143004417419434,1.0,3.1619150638580322,1.5176632404327393,2.377936363220215,1.0
676,0.0,-0.6649044752120972,-0.16142477095127106,-1.327392339706421,0.0,-0.4994007647037506,-0.018340300768613815,-1.1571656465530396,0.0
677,0.0,0.2656833231449127,-0.744848906993866,0.9645296931266785,0.0,0.5001776814460754,-0.5178619027137756,1.232179880142212,1.0
678,1.0,-0.1636161506175995,0.4539720416069031,-0.03711307793855667,1.0,0.026144109666347504,0.6539278626441956,0.16601859033107758,1.0
679,1.0,-0.16431458294391632,1.9479436874389648,1.0615440607070923,1.0,0.08247380703687668,2.1858081817626953,1.3315504789352417,1.0
680,1.0,-0.4365415573120117,1.8887133598327637,1.1764357089996338,1.0,-0.06666344404220581,2.1954870223999023,1.4645122289657593,1.0
681,0.0,0.28124409914016724,-0.6903382539749146,-0.158552885055542,0.0,0.4615342319011688,-0.5060314536094666,0.026775281876325607,0.0
682,0.0,-0.11290550976991653,-0.36148762702941895,-1.3779186010360718,0.0,0.027530966326594353,-0.2949123680591583,-1.277550458908081,0.0
683,0.0,3.2555971145629883,1.1010398864746094,1.263754963874817,1.0,3.190523147583008,1.5180102586746216,1.7054774761199951,1.0
684,0.0,-1.1290308237075806,0.5976316928863525,-0.6607845425605774,0.0,-0.9729022979736328,0.7787210941314697,-0.4787137508392334,0.0
685,1.0,-0.8346494436264038,0.09646585583686829,-0.8225033283233643,0.0,-0.6018961071968079,0.33106279373168945,-0.5965257287025452,0.0
686,1.0,0.779158890247345,0.7018181085586548,-0.542122483253479,1.0,1.1137151718139648,0.932475209236145,-0.3244461417198181,1.0
687,0.0,0.39272016286849976,0.08082554489374161,-0.6218007802963257,0.0,0.49330827593803406,0.16790616512298584,-0.5387782454490662,0.0
688,0.0,0.7064534425735474,-0.4851487874984741,-0.21765640377998352,0.0,0.797307550907135,-0.40726718306541443,-0.14142456650733948,0.0
689,0.0,-0.7728931307792664,0.49858230352401733,1.1688282489776611,1.0,-0.6242879629135132,0.7034366130828857,1.3625251054763794,1.0
690,1.0,0.042360819876194,0.5016840100288391,-0.7702308893203735,0.0,0.24035391211509705,0.6962789297103882,-0.5675098299980164,1.0
691,1.0,-0.506402850151062,-0.06893429160118103,1.8135018348693848,1.0,-0.39706307649612427,0.15951985120773315,2.0230343341827393,1.0
692,0.0,-0.8284636735916138,-1.3028160333633423,1.4655684232711792,0.0,-0.8325760364532471,-1.163920283317566,1.5993061065673828,0.0
693,0.0,-0.6861082315444946,1.6018240451812744,-0.6286985874176025,1.0,-0.2503860890865326,1.8703500032424927,-0.25679120421409607,1.0
694,0.0,0.15253788232803345,0.42966413497924805,0.10694664716720581,1.0,0.2138865739107132,0.4990915060043335,0.17335145175457,1.0
695,1.0,0.013070531189441681,1.7852452993392944,-0.8378369808197021,1.0,0.4175887703895569,2.041379451751709,-0.43984150886535645,1.0
696,0.0,-1.1100802421569824,-0.48029398918151855,0.7370263934135437,0.0,-1.0555492639541626,-0.33768245577812195,0.8728640079498291,0.0
697,0.0,-1.2435572147369385,-1.0432244539260864,-0.880465030670166,0.0,-1.097043752670288,-0.9145598411560059,-0.7830386757850647,0.0
698,1.0,-0.5886255502700806,0.524952232837677,-0.7053655385971069,0.0,-0.32205724716186523,0.8299632668495178,-0.42747247219085693,1.0
699,1.0,1.334999918937683,-0.5873357653617859,-0.8441067934036255,0.0,1.591105580329895,-0.339140385389328,-0.579384446144104,1.0
